EIA ID,Project Name,Solar COD,State,Latitude,Longitude,Avg GHI,Solar Capacity MW-DC,Solar Capacity MW-AC
10439,Solar Energy Generating Systems (SEGS) III,12/31/1986,CA,35.01,-117.56,5.95,,34.20
10440,Solar Energy Generating Systems (SEGS) IV,12/31/1986,CA,35.01,-117.56,5.95,,34.20
10441,Solar Energy Generating Systems (SEGS) V,10/31/1987,CA,35.02,-117.56,5.95,,34.20
10442,Solar Energy Generating Systems (SEGS) VI,12/31/1988,CA,35.02,-117.57,5.95,,35.00
10443,Solar Energy Generating Systems (SEGS) VII,12/31/1988,CA,35.02,-117.57,5.95,,35.00
10444,Solar Energy Generating Systems (SEGS) VIII,12/31/1989,CA,35.03,-117.34,5.94,,92.00
10446,Solar Energy Generating Systems (SEGS) IX,10/31/1990,CA,35.03,-117.36,5.94,,92.00
56405,Nevada Solar One,6/1/2007,NV,35.80,-114.98,5.48,,68.50
56568,Nellis Air Force Base,12/1/2007,NV,36.26,-115.05,5.62,14.06,12.00
56481,Alamosa Photovoltaic Solar Plant (SunE Alamosa),12/1/2007,CO,37.69,-105.88,5.37,8.22,6.90
56944,Copper Mountain Solar 1 (CM10) - Phase 1 (El Dorado Energy Solar Project),12/1/2008,NV,35.79,-115.00,5.66,12.14,10.00
56929,FPL DeSoto Next Generation Solar Energy Center,10/27/2009,FL,27.32,-81.80,5.04,27.60,25.00
56939,NRG Solar Blythe I (not to be confused with 2016 NextEra plants),12/1/2009,CA,33.59,-114.74,5.68,25.20,21.00
,FPL Martin Next Generation Solar Energy Center,12/1/2010,FL,27.05,-80.55,4.95,,75.00
57205,Copper Mountain Solar 1 (CM48) - Phase 2 Expansion,6/1/2010,NV,35.78,-114.99,5.66,60.50,48.00
57243,Cimarron I Solar Project,12/1/2010,NM,36.47,-104.64,5.36,36.80,30.64
57377,Greater Sandhill Solar Plant 1,12/1/2010,CO,37.69,-105.89,5.37,20.35,19.00
,Davidson County Solar Farm,12/20/2010,NC,35.75,-80.29,4.48,22.30,17.50
57197,Blue Wing Solar Project,11/1/2010,TX,29.30,-98.40,4.79,16.60,13.90
57202,PSEG Jacksonville Solar,9/1/2010,FL,30.32,-81.96,4.74,15.00,12.60
57203,PSEG Wyandot Solar Facility,3/15/2010,OH,40.88,-83.32,3.84,12.02,10.08
56930,FPL Space Coast Next Generation Solar Energy Center,4/1/2010,FL,28.49,-80.68,5.02,11.00,10.00
57191,Exelon City Solar (West Pullman Industrial Redevelopment Area),7/1/2010,IL,41.68,-87.65,3.90,10.00,8.25
58569,Paradise Solar Energy Center,12/31/2010,NJ,39.84,-75.22,4.02,6.16,5.10
57589,Long Island Solar Farm,11/1/2011,NY,40.87,-72.85,4.00,37.69,31.50
57317,San Luis Valley Solar Ranch,11/1/2011,CO,37.69,-105.92,5.35,35.10,30.40
57699,Webberville Project - Austin Energy PV Project,12/29/2011,TX,30.24,-97.51,4.72,34.99,30.00
57338,NRG Solar - Roadrunner,8/29/2011,NM,31.80,-106.67,5.90,23.92,20.16
57497,Stroud Solar Station,10/4/2011,CA,36.52,-120.12,5.30,24.64,20.00
57360,Sun City Project (Avenal),8/5/2011,CA,35.98,-120.10,5.35,25.64,20.00
57318,Copper Crossing,9/30/2011,AZ,33.16,-111.48,5.76,25.00,20.00
57361,Sand Drag Solar Project (Avenal),8/11/2011,CA,35.98,-120.10,5.35,24.36,19.00
57669,SMUD - Bruceville (at Grundman) (NOT RE Bruceville),12/28/2011,CA,38.37,-121.41,5.08,21.90,18.00
57448,Pilesgrove Solar Project,10/31/2011,NJ,39.61,-75.31,4.09,19.90,18.00
57562,APS - AZ Sun - Paloma Solar Plant,10/11/2011,AZ,33.02,-112.66,5.81,22.50,17.60
57561,Cotton Center,10/11/2011,AZ,33.04,-112.66,5.81,21.00,17.00
57563,Hyder Solar Plant I,10/1/2011,AZ,33.03,-113.35,5.86,21.00,16.00
57498,Five Points Solar Station,9/1/2011,CA,36.40,-120.11,5.36,17.60,15.00
57499,Westside Solar Station,9/13/2011,CA,36.38,-120.12,5.36,18.48,15.00
57790,Bagdad Solar Project,12/1/2011,AZ,34.59,-113.18,5.71,16.59,15.00
57662,McGraw-Hill Solar Farm,12/1/2011,NJ,40.28,-74.56,3.99,14.11,12.00
58147,Prescott Solar Plant (SunE AZ1 - Prescott),11/1/2011,AZ,34.68,-112.41,5.53,11.75,10.40
57738,SPS - Lea,12/1/2011,NM,32.68,-103.30,5.57,10.63,10.08
57739,SPS - Monument,12/1/2011,NM,32.34,-104.24,5.63,10.84,10.08
57337,Dover SUN Park (White Oak Solar),7/28/2011,DE,39.19,-75.51,4.13,11.20,10.00
57948,Oak Solar Farm,12/30/2011,NJ,39.38,-75.19,4.16,12.50,10.00
57740,SPS - Hopi,9/1/2011,NM,32.35,-104.23,5.63,10.87,9.90
57736,SPS - Dollarhide,9/1/2011,NM,32.13,-103.14,5.58,10.89,9.90
57737,SPS - Jal,12/1/2011,NM,32.47,-103.33,5.59,10.77,9.90
57575,Hondale Solar Farm (PNM - Deming Solar Energy Center) Phase 1+2,8/1/2011,NM,34.83,-106.77,5.64,11.20,9.00
"57777, 57779, 57781",RE Dillard 1-3,12/30/2011,CA,38.46,-121.18,5.06,12.03,8.91
57462,BNB Napoleon Solar Phase 1,12/23/2011,OH,41.39,-84.09,3.87,9.79,8.08
57485,Flemington Solar,12/31/2011,NJ,40.49,-74.85,3.97,9.36,8.00
60489,"Hamilton Solar-Crosswicks (subunits 1,2)",12/30/2011,NJ,40.17,-74.63,4.00,8.45,7.50
57571,Los Lunas Solar (Los Morros) Phase 1+2,5/1/2011,NM,34.83,-106.77,5.64,8.90,7.00
57359,Avenal Park Solar Project (Avenal),8/11/2011,CA,35.99,-120.11,5.35,7.69,6.00
57565,Stanton Solar Farm (RP Orlando) Phase 1,11/5/2011,FL,28.49,-81.18,4.89,5.92,5.50
57554,Colorado Springs Air Force Academy,6/30/2011,CO,38.96,-104.81,4.82,6.04,5.20
57591,Hatch Solar Center,7/8/2011,NM,32.63,-107.26,5.84,5.88,5.04
57707,Mesquite Solar 1,12/31/2012,AZ,33.34,-112.92,5.87,235.10,170.00
58017,Copper Mountain Solar 2 - Phase 1,11/21/2012,NV,35.80,-114.97,5.48,114.38,92.00
57442,Silver State North Solar Project,4/16/2012,NV,35.62,-115.35,5.51,63.50,52.00
58003,Alpaugh 50 (1st Phase),12/28/2012,CA,35.90,-119.44,5.31,66.25,50.00
57816,McKenzie Road Solar Farm 1-6,11/8/2012,CA,38.31,-121.29,5.07,38.30,30.00
57368,Cogentrix - Alamosa (Alamosa Solar Generating Project),4/1/2012,CO,37.60,-105.95,5.34,36.70,30.00
57657,NRG Solar - Avra Valley,12/14/2012,AZ,32.37,-111.28,5.79,34.00,26.46
58039,McHenry Solar Farm (K Road Modesto Solar or RET Modesto),12/1/2012,CA,37.74,-120.99,5.14,31.20,25.80
58062,Imperial Valley Solar Company (IVSC) 1,5/1/2012,CA,33.25,-115.50,5.83,28.57,23.00
50765,"Stillwater Solar PV I- Geothermal, CSP",3/5/2012,NV,39.54,-118.56,5.27,26.20,21.80
58489,Apex Solar,9/1/2012,NV,36.39,-114.96,5.69,24.80,20.00
58002,Alpaugh North (2nd Phase),12/28/2012,CA,35.91,-119.43,5.31,26.53,20.00
57522,Cantua Solar Station,7/25/2012,CA,36.42,-120.34,5.35,25.81,20.00
57523,Huron Solar Station,8/30/2012,CA,36.18,-120.11,5.38,26.80,20.00
57912,Grand Ridge Solar Plant,7/27/2012,IL,41.15,-88.75,3.95,22.76,20.00
58486,FRV Picture Rocks (FRV Tucson Solar),11/29/2012,AZ,32.37,-111.24,5.79,25.16,20.00
57994,Apple Data Center- PV1,12/1/2012,NC,35.59,-81.25,4.49,24.95,20.00
58408,Maryland Solar Farm,12/1/2012,MD,39.56,-77.72,4.05,29.06,20.00
57883,PSEG Queen Creek Solar Farm,10/1/2012,AZ,33.27,-111.61,5.80,25.28,19.00
57560,Chino Valley Solar,12/31/2012,AZ,34.72,-112.43,5.60,21.00,19.00
58483,Tinton Falls Solar Farm,10/1/2012,NJ,40.26,-74.08,4.01,19.88,15.90
58213,SunE AZ2 - Saddle Mountain,1/1/2012,AZ,33.38,-113.18,5.86,16.92,15.00
"57783, 57784, 57785",RE Bruceville 1-3 (NOT SMUD-Bruceville at Grundman),2/28/2012,CA,38.35,-121.41,5.08,19.15,14.85
"57778, 57780, 57782",RE Kammerer 1-3,2/28/2012,CA,38.36,-121.39,5.08,19.15,14.85
57758,Mount St. Mary's University Solar Farm,8/1/2012,MD,39.67,-77.35,4.04,16.11,13.00
58135,Washington White Post Solar I,12/21/2012,NC,35.50,-76.85,4.41,14.79,12.50
57985,Las Cruces Centennial Solar Farm (SunE EPE 2),5/1/2012,NM,32.25,-106.91,5.89,13.69,12.00
58228,PSEG Milford Solar Farm,11/1/2012,DE,38.92,-75.45,4.13,15.00,12.00
57764,Naval Air Weapons Station China Lake,10/23/2012,CA,35.63,-117.65,5.88,13.78,11.12
58009,SunE CPS3 - Somerset Solar Farm,8/1/2012,TX,29.23,-98.67,4.80,12.30,10.60
57986,El Chaparral (SunE EPE 1),6/1/2012,NM,32.04,-106.34,5.84,11.30,10.00
57521,Giffen Solar Station,7/25/2012,CA,36.53,-120.31,5.32,12.91,10.00
57305,LADWP Adelanto Solar Project,7/1/2012,CA,34.55,-117.44,5.92,11.40,10.00
57256,PA Solar Park,10/16/2012,PA,40.86,-75.85,3.85,11.48,10.00
58068,SunE CPS1 - Centennial Solar Farms,5/18/2012,TX,29.24,-98.42,4.79,11.57,9.90
58027,SunE CPS2 - Centennial Solar Farms,5/18/2012,TX,29.23,-98.43,4.79,11.57,9.90
58042,Black Mountain Solar Project,12/15/2012,AZ,35.02,-114.16,5.78,9.98,9.00
58401,Volkswagen Solar,12/20/2012,TN,35.10,-85.13,4.34,9.58,7.60
"57722, 57743","SPI Palm Springs Solar (North Palm Springs 1A, 4A)",6/1/2012,CA,33.81,-116.50,5.77,7.79,6.50
58549,Port Allen Solar Farm,12/12/2012,HI,21.90,-159.58,5.39,7.20,5.76
58463,Herbert Farm Solar (SMECO),11/18/2012,MD,38.55,-76.80,4.19,6.64,5.50
58030,Reeves Station Road East,1/26/2012,NJ,39.93,-74.82,4.03,6.69,5.50
58356,Lawrenceville School Solar Farm (KDC Solar TLS),6/5/2012,NJ,40.30,-74.72,3.99,6.11,5.50
59455,AstroSol Tech Park AZ,12/19/2012,AZ,32.10,-110.82,5.80,6.10,5.10
57439,"California Valley Solar Ranch  (CVSR, High Plains Ranch II)",11/1/2013,CA,35.32,-119.91,5.53,314.90,250.00
56812,"Solana Generating Station (Abengoa, Arlington Valley Solar Energy Project)",10/8/2013,AZ,32.92,-112.98,5.81,,250.00
58467,Campo Verde,8/1/2013,CA,32.75,-115.71,5.79,201.10,147.40
57490,(Tenaska) Imperial Solar Energy Center South (CSolar IV South),11/18/2013,CA,32.66,-115.66,5.66,172.30,130.00
57680,Arlington Valley Solar Project II,11/13/2013,AZ,33.30,-112.83,5.85,174.90,129.00
57708,Catalina Solar Project 1 (Phase 1+2),8/22/2013,CA,34.93,-118.33,5.82,143.00,110.00
57295,Alpine Solar Project,1/24/2013,CA,34.79,-118.51,5.62,86.40,66.00
58537,OCI Alamo 1 Solar,12/31/2013,TX,29.27,-98.44,4.79,49.46,40.70
57997,APS - AZ Sun - Foothills Solar Plant Phase I+II,3/31/2013,AZ,32.64,-114.43,5.90,52.00,37.44
58490,Spectrum Nevada Solar Project,10/1/2013,NV,36.24,-114.88,5.67,37.60,30.00
57455,Borrego Solar Project (NRG),2/12/2013,CA,33.29,-116.35,5.84,33.00,26.00
58366,Atwell Island,3/22/2013,CA,35.82,-119.45,5.31,23.50,20.20
58621,Sol Orchard Imperial 1 (Grupo T-Solar El Centro Project),12/11/2013,CA,32.80,-115.55,5.87,25.20,20.00
58373,White River Solar Phase 1,6/17/2013,CA,35.88,-119.46,5.31,26.80,20.00
57891,Guernsey Solar Station,6/1/2013,CA,36.16,-119.65,5.30,25.50,20.00
57892,Gates Solar Station,6/1/2013,CA,36.18,-120.11,5.38,27.70,20.00
58148,RE Kansas South,6/7/2013,CA,36.23,-119.83,5.32,27.00,20.00
58149,TA-High Desert (Antelope Project),6/1/2013,CA,34.71,-118.30,5.78,25.63,20.00
58374,Corcoran 1,7/29/2013,CA,36.14,-119.57,5.29,26.00,20.00
58701,Apple Data Center- PV2,10/31/2013,NC,35.74,-81.21,4.46,25.06,20.00
58892,Camilla Solar Plant (SDD Solar Project 1),12/1/2013,GA,31.19,-84.13,4.77,20.25,16.00
58501,Gillespie 1,12/1/2013,AZ,33.02,-112.66,5.81,20.20,15.00
58262,PSEG Badger I,12/19/2013,AZ,33.50,-112.81,5.81,19.30,14.80
58383,Hyder II,1/26/2013,AZ,33.03,-113.35,5.86,21.00,14.00
58234,Highlander I (SEPV 8),4/1/2013,CA,34.17,-116.15,5.83,14.64,12.00
58552,Indy Solar I,12/16/2013,IN,39.66,-85.98,4.03,13.90,10.10
58556,Indy Solar II,12/16/2013,IN,39.66,-85.98,4.03,13.90,10.10
58206,West Gates Solar Station,6/24/2013,CA,36.14,-120.13,5.38,12.90,10.00
58391,IND Airport Solar Farm (INDY I),10/1/2013,IN,39.70,-86.32,4.05,12.57,10.00
58488,"Bryan Solar, LLC",6/30/2013,TX,29.59,-104.33,5.86,12.21,10.00
59097,Berry Plastics Solar Plant,8/1/2013,NJ,40.70,-75.15,3.93,13.06,9.80
59454,Valencia Solar,6/28/2013,AZ,32.15,-110.88,5.80,12.69,9.00
58553,Indy Solar III,12/16/2013,IN,39.65,-86.26,4.04,11.90,8.60
57306,LADWP Pine Tree Solar Project,3/1/2013,CA,35.23,-118.20,5.79,9.75,8.50
58227,Highlander II (SEPV 9),4/1/2013,CA,34.19,-116.09,5.80,10.97,8.50
58521,Manzano Solar Energy Center,11/1/2013,NM,34.75,-106.65,5.62,10.26,8.00
58482,Azalea Solar Power Facility,12/1/2013,GA,32.98,-82.59,4.68,9.70,7.65
58520,Tularosa Solar Energy Center (Otero County Solar Energy Center),12/15/2013,NM,32.98,-105.97,5.69,9.62,7.50
58882,Mercer County Community College Solar,9/17/2013,NJ,40.26,-74.65,4.00,8.30,7.50
57695,Topaz Solar Farm Phase 1-3,10/31/2014,CA,35.37,-120.06,5.49,757.90,585.90
"57073, 57074, 57075",Ivanpah Solar Energy Generating System 1-3,2/28/2014,CA,35.56,-115.47,5.72,,370.00
57993,Desert Sunlight 300,10/31/2014,CA,33.82,-115.40,5.71,407.06,313.70
57373,Agua Caliente Solar Project,2/28/2014,AZ,32.98,-113.49,5.86,398.60,290.00
57394,Genesis Solar Energy Project,3/31/2014,CA,33.66,-115.00,5.86,,250.00
57331,Mojave Solar (Abengoa),12/31/2014,CA,35.01,-117.32,5.94,,250.00
58542,Desert Sunlight 250,10/31/2014,CA,33.81,-115.37,5.71,333.62,249.70
57378,Antelope Valley Solar Ranch 1 (First Solar)/ AV Solar Ranch One,8/31/2014,CA,34.78,-118.43,5.72,283.70,241.50
56917,Mount Signal Solar Farm I (formerly known as Imperial Valley Solar I LLC),3/31/2014,CA,32.67,-115.59,5.85,265.78,206.72
58430,Centinela Solar Energy (phase I+II),8/31/2014,CA,32.69,-115.65,5.66,215.90,170.00
58592,"Solar Gen 2 - First Solar (Sonora, Arkansas, and Alhambra)",12/31/2014,CA,33.08,-115.47,5.90,194.70,155.10
57650,Regulus Solar Project,11/30/2014,CA,35.30,-118.85,5.38,81.60,60.00
59010,Macho Springs Solar Facility,5/31/2014,NM,32.57,-107.49,5.82,65.13,52.20
58983,RE Columbia 1 (Camelot Solar),12/31/2014,CA,35.02,-118.18,5.84,59.10,45.00
58717,OCI Alamo 4 Solar,8/31/2014,TX,29.32,-100.38,4.91,48.10,39.60
59020,APS Gila Bend Solar Power Plant,12/31/2014,AZ,32.95,-112.77,5.80,51.03,37.12
58628,Simon Solar Farm,1/1/2014,GA,33.68,-83.67,4.56,38.60,30.00
59168,Avalon Solar (Pima Mine Road Solar Generating Facility),12/8/2014,AZ,32.03,-110.96,5.78,35.10,29.00
58544,Mountain View Solar,1/31/2014,NV,36.39,-114.96,5.69,25.01,20.00
58498,Recurrent Rosamond Solar 1,2/28/2014,CA,34.90,-118.25,5.84,26.20,20.00
58499,Recurrent Rosamond Solar 2,2/28/2014,CA,34.90,-118.24,5.84,20.95,20.00
59237,Lone Valley Solar Park II (Marathon),11/30/2014,CA,34.41,-116.86,5.89,24.80,20.00
58985,RE Kansas Solar,12/31/2014,CA,36.24,-119.83,5.32,27.80,20.00
58973,White River Solar Phase 2,10/31/2014,CA,35.85,-119.06,5.34,26.00,20.00
59530,"Colonial Eagle Solar (Pasquotank), (Capital Partners, Phase I)",12/8/2014,NC,36.27,-76.31,4.45,28.02,19.95
58626,Western Antelope Blue Sky Ranch A (WABSRA),11/14/2014,CA,34.68,-118.32,5.62,23.92,19.95
58844,Dogwood Solar Power (Scotland Neck SE1 Solar),1/31/2014,NC,36.12,-77.41,4.43,27.81,19.79
59183,CID Solar,12/15/2014,CA,36.14,-119.56,5.29,27.23,19.76
59443,Antelope West Solar Farm,11/30/2014,CA,34.69,-118.33,5.62,28.34,19.70
58986,RE Old River One,12/31/2014,CA,35.22,-119.08,5.39,26.15,19.65
58943,Halifax (HXO) Airport Solar One,12/31/2014,NC,36.44,-77.71,4.40,29.70,19.65
57651,Adobe Solar (FRV Cygnus Solar Project),5/31/2014,CA,35.10,-118.95,5.40,26.00,19.57
58991,RE Kent South,12/31/2014,CA,36.23,-119.91,5.36,26.60,19.41
58984,RE Adams East,12/31/2014,CA,36.61,-120.38,5.31,24.87,19.00
58590,Cascade Solar,1/31/2014,CA,34.16,-116.23,5.93,23.92,18.50
58616,Westlands Solar Farms PV1,2/28/2014,CA,36.13,-120.14,5.38,23.10,18.00
58972,Fort Huachuca Solar PV Project,12/31/2014,AZ,31.56,-110.32,5.55,22.20,17.70
58202,RE Victor Phelan Solar One,2/28/2014,CA,34.51,-117.48,5.92,22.40,17.50
59404,Searchlight Solar PV Generating Facility,12/31/2014,NV,35.49,-114.94,5.74,21.47,17.49
59188,Selmer Farm,11/30/2014,TN,35.15,-88.56,4.37,20.00,15.84
59184,Mulberry Farm,12/31/2014,TN,35.13,-88.59,4.37,20.00,15.84
58990,RE Columbia 2,12/31/2014,CA,35.02,-118.18,5.84,19.95,15.00
"58275, 58276, 58279","Warren Solar Farm (Mass Midstate 1-3, Ecos Energy LLC)",4/1/2014,MA,42.20,-72.22,3.81,17.20,14.00
8223,Springerville Generating Station Solar System Phase 1-3 (Ph3: White Mountain Solar ),12/31/2014,AZ,34.30,-109.27,5.45,16.61,13.62
59779,Davis-Monthan Air Force Base Phase I+II,2/20/2014,AZ,32.15,-110.88,5.80,16.53,12.60
58718,Orion Solar Phase I,4/30/2014,CA,35.15,-118.89,5.39,15.68,12.00
58640,KRS II Koloa Solar (Grove Farm/ Kauai Solar Farm),9/30/2014,HI,21.90,-159.45,4.79,14.26,12.00
59407,PSEG El Paso Solar Energy Center (Newman),10/30/2014,TX,31.98,-106.43,5.74,13.05,10.42
58398,Heber Solar PV Project (Imperial Solar 1),5/31/2014,CA,32.71,-115.54,5.89,13.13,10.00
58502,RE Columbia 3,2/28/2014,CA,35.02,-118.18,5.84,11.06,10.00
58417,Lone Valley Solar Park I (Agincourt),11/30/2014,CA,34.40,-116.87,5.70,12.40,10.00
59618,Meadow Lake Solar Energy Center,12/31/2014,NM,34.81,-106.52,5.65,11.37,9.12
58615,Indianapolis Motor Speedway (IMS) Solar Farm,7/31/2014,IN,39.80,-86.22,4.01,11.20,8.82
58721,Orion Solar Phase II,6/30/2014,CA,35.15,-118.88,5.39,9.45,8.00
59319,Rock Solid Solar Project (Howell Solar),11/30/2014,NJ,40.23,-74.23,4.01,9.94,8.00
58564,Frenchtown III Solar,2/19/2014,NJ,40.48,-75.02,3.96,9.98,8.00
58770,Maywood Superfund Project (HQC Maywood),4/1/2014,IN,39.74,-86.22,4.01,10.86,7.89
59631,KDC Solar Branchburg  (ImClone),6/30/2014,NJ,40.56,-74.71,3.96,9.95,7.73
59619,Cibola Solar Energy Center,12/31/2014,NM,35.25,-107.25,5.48,9.42,7.60
59366,G&S Wantage Solar,1/31/2014,NJ,41.19,-74.59,3.89,8.45,7.00
59186,West Pemberton Solar Facility,7/31/2014,NJ,40.01,-74.73,4.01,9.19,7.00
58757,Summer North Solar 6.5 (American Solar Greenworks),12/31/2014,CA,34.72,-118.29,5.81,9.20,6.49
57959,Desert Green Solar Farm,12/9/2014,CA,33.27,-116.33,5.84,8.86,6.30
58682,Dartmouth Solar,4/11/2014,MA,41.68,-71.00,3.89,7.46,6.25
59558,Sandoval Solar Energy Center,12/31/2014,NM,35.28,-106.81,5.58,7.37,6.08
59044,Rio Rico,3/31/2014,AZ,31.50,-111.01,5.72,7.18,6.00
58545,NRG Community Solar 1,6/30/2014,CA,32.98,-115.48,5.90,7.50,6.00
59630,KDC CentraState Medical (KDC Solar Middlesex 3),10/31/2014,NJ,40.24,-74.32,4.00,6.31,5.34
58388,Solar Star 1/ formerly Antelope Valley Solar Projects,6/30/2015,CA,34.81,-118.39,5.78,397.80,314.40
58389,Solar Star 2/ formerly Antelope Valley Solar Projects,6/30/2015,CA,34.85,-118.35,5.78,349.50,279.50
58915,Copper Mountain Solar 3,1/31/2015,NV,35.89,-114.96,5.48,344.98,255.00
57275,Crescent Dunes Solar Energy,11/30/2015,NV,38.24,-117.36,5.56,,110.00
59339,"Quinto Solar PV Project (SSC13, Quinto Farms + Stockton Terminal)",11/30/2015,CA,37.12,-121.05,5.21,135.60,105.10
59205,"OCI Alamo 5 (Downie Ranch Solar, Texas 5)",12/1/2015,TX,29.22,-99.71,4.89,118.00,95.00
59450,Decatur Parkway Solar Project,12/1/2015,GA,30.99,-84.64,4.78,110.00,81.06
59944,Conetoe (II) Solar,12/1/2015,NC,35.82,-77.48,4.44,112.10,81.00
58660,Utah Red Hills Renewable Energy Park (Pelican Solar?),12/15/2015,UT,37.88,-112.90,5.24,104.75,80.00
58848,Warsaw Solar Facility (formerly Gantt Farm I),12/30/2015,NC,35.01,-78.12,4.50,87.50,64.80
58713,North Star Solar,8/25/2015,CA,36.73,-120.42,5.28,73.00,62.50
58017,Copper Mountain Solar 2 - Phase 2,2/28/2015,NV,35.79,-114.96,5.66,77.80,60.80
58833,Red Horse 2,8/15/2015,AZ,32.26,-110.16,5.76,75.87,55.00
60008,Hooper Solar (SunPower San Luis Valley Solar or Solar Star III),12/31/2015,CO,37.69,-105.98,5.35,64.00,52.00
59702,Pavant Solar 1,12/31/2015,UT,39.15,-112.36,5.00,62.50,50.00
59778,"Eden Solar (formerly Derby, Innovative Solar 34)",12/31/2015,NC,35.15,-79.64,4.47,62.05,47.70
59634,Sandstone Solar Power Plant,12/31/2015,AZ,33.04,-111.45,5.80,57.46,45.00
58711,Lost Hills Solar / Blackwell,4/30/2015,CA,35.62,-119.85,5.37,43.00,32.00
59862,Fort Benning Solar,12/1/2015,GA,32.30,-84.99,4.61,41.54,30.00
59723,Seville Solar 2,12/31/2015,CA,33.11,-116.00,5.90,40.76,30.00
58710,Barilla Solar Project Phase 1-3,8/25/2015,TX,30.96,-103.35,5.61,37.62,29.76
59009,Hayworth Solar (Redwood: Hayworth),12/30/2015,CA,35.33,-118.82,5.37,33.26,26.66
59117,Fayetteville Solar (formerly E I DuPont de Nemours ),11/1/2015,NC,34.83,-78.84,4.51,32.10,23.10
59412,SKIC 1 (South Kern Industrial Center) Solar (Algonquin or Bakersfield 1),6/30/2015,CA,35.13,-119.24,5.36,25.85,22.00
59535,SR Hazlehurst Solar I,11/1/2015,GA,31.81,-82.58,4.73,27.25,21.00
59527,"Kelford Solar (Capital Partners, Phase II, Project A)",12/1/2015,NC,36.16,-77.21,4.41,30.10,21.00
59414,CED Atwell Island West,5/1/2015,CA,35.82,-119.46,5.31,30.00,20.02
59657,Imperial Valley Solar Company (IVSC) 2 (Imperial County Niland),8/25/2015,CA,33.25,-115.50,5.83,26.35,20.01
60027,Adera Solar,12/28/2015,CA,37.12,-120.32,5.21,26.50,20.00
59610,Diamond Valley Lake Solar (AP North Lake I),10/27/2015,CA,33.74,-117.01,5.51,24.06,20.00
59431,Sierra Solar Greenworks,11/30/2015,CA,34.70,-118.34,5.62,22.47,20.00
58649,Montgomery Solar,12/1/2015,NC,35.35,-79.76,4.48,28.03,20.00
59441,NextEra Adelanto Solar Phase 1,9/3/2015,CA,34.55,-117.38,5.92,24.43,20.00
59408,Shafter Solar,6/22/2015,CA,35.45,-119.13,5.36,26.80,20.00
59555,Leo/Vega Solar,5/26/2015,CA,36.93,-120.81,5.20,25.82,20.00
59153,Watson Seed Farm PV1 (Fresh Air Energy II),12/30/2015,NC,36.13,-77.72,4.43,25.50,20.00
59155,Shawboro (PV1 / Fresh Air Energy X ),10/1/2015,NC,36.43,-76.09,4.39,29.50,20.00
59322,Pumpjack Solar (1),2/28/2015,CA,35.42,-119.64,5.33,26.32,20.00
59380,Wildwood Solar Project (1),3/1/2015,CA,35.62,-119.57,5.38,26.08,20.00
59722,Seville Solar 1,12/31/2015,CA,33.11,-116.00,5.90,27.30,20.00
59874,Richland Solar Center,12/1/2015,GA,32.62,-83.38,4.67,33.44,20.00
59607,Maricopa West Solar,11/9/2015,CA,35.11,-119.33,5.41,28.00,20.00
59638,Coronal Lost Hills,5/30/2015,CA,35.73,-119.91,5.38,25.99,20.00
59633,Kettleman Solar (Kings Co) / Centaurus,8/14/2015,CA,36.06,-119.95,5.36,26.97,20.00
58623,Holstein Solar,12/1/2015,NC,34.77,-79.34,4.53,25.60,20.00
59413,Corcoran 2 (SPS Corcoran West Solar),7/27/2015,CA,36.14,-119.58,5.29,28.00,19.75
60422,Morgans Corner Solar,12/1/2015,NC,36.42,-76.36,4.40,25.00,19.65
59979,PSEG Pittsburg Solar Energy Center (Columbia Star / Columbia Solar Energy ),10/31/2015,CA,38.02,-121.87,5.04,25.41,19.20
59449,Decatur County Solar Project,12/1/2015,GA,30.97,-84.63,4.78,27.00,18.97
59469,Alamo Solar Project,5/1/2015,CA,34.69,-117.35,5.92,23.35,18.70
59334,Catalina Solar Project 2 (Phase 3),7/22/2015,CA,34.92,-118.36,5.82,24.28,18.40
59472,"Apple Data Center (Reno NV), (Fort Churchill)",5/31/2015,NV,39.12,-119.14,5.26,19.74,18.00
59474,Apple Data Center- PV3,12/1/2015,NC,35.70,-81.15,4.49,21.92,17.50
58831,Redcrest Solar Farm (Redwood: Redcrest),11/6/2015,CA,35.32,-118.81,5.37,20.86,16.66
59919,Solar Star Nellis Air Force Base (Solar Star NAFB),11/18/2015,NV,36.21,-115.05,5.62,19.00,15.50
59887,Beaufort Solar,12/1/2015,NC,35.46,-77.14,4.40,21.01,15.00
60007,Morelos Del Sol,11/30/2015,CA,35.73,-119.90,5.38,18.72,15.00
"59185, 59318, 59628","Jacobstown Solar Farm 1-3 (2: North Run, 3: Hanover)",9/30/2015,NJ,40.06,-74.58,4.03,18.34,15.00
59008,Woodmere Solar Farm (Redwood: Woodmere),12/18/2015,CA,35.32,-118.82,5.37,18.75,14.99
59548,Creswell (Alligood) Solar,5/1/2015,NC,35.89,-76.38,4.39,19.60,14.00
59872,"UC Davis South Campus (UC Davis Large Solar Plant, SSC 32)",11/20/2015,CA,38.52,-121.74,5.08,16.30,13.00
59966,"Camp Lejeune Solar (Navy, Marines)",12/1/2015,NC,34.72,-77.35,4.45,17.00,12.80
59947,SR Camden,12/30/2015,AR,33.64,-92.71,4.51,16.82,12.50
58639,KRS I Anahola Solar,8/1/2015,HI,22.13,-159.31,4.36,14.53,12.00
59526,"Whitakers Solar (Capital Partners, Phase II, Project B)",12/1/2015,NC,36.13,-77.74,4.43,16.88,12.00
59086,Goose Lake Solar (formerly Cottonwood 1),7/27/2015,CA,35.59,-119.58,5.34,16.87,12.00
59087,(City of) Corcoran Solar (formerly Cottonwood 2),5/1/2015,CA,36.14,-119.56,5.29,14.90,12.00
59498,Tracy Solar,12/1/2015,NC,35.80,-78.14,4.43,14.00,11.66
59444,(City of) Phoenix (Desert Star) (Landfill SR85),6/10/2015,AZ,33.14,-112.66,5.85,15.62,11.20
57324,Luke Air Force Base Solar,7/13/2015,AZ,33.53,-112.38,5.81,15.62,11.20
60197,Santolina Solar Energy Center,12/31/2015,NM,35.01,-106.86,5.63,12.40,10.50
59811,PSEG Waldorf Solar Center (Rockfish Solar),8/1/2015,MD,38.59,-76.88,4.19,13.09,10.30
64190,Waipio Peninsula,10/31/2015,HI,21.37,-157.99,5.72,14.30,10.20
"58418, 58419",Victor Dry Farm Ranch A+B,8/25/2015,CA,34.50,-117.47,5.89,11.00,10.00
59601,PSEG L&D Landfill Solar,12/30/2015,NJ,39.98,-74.77,4.03,12.93,10.00
60195,South Valley Solar Energy Center,12/31/2015,NM,34.99,-106.73,5.61,12.40,10.00
60198,Rio Communities Solar Energy Center,12/31/2015,NM,34.64,-106.70,5.65,12.40,10.00
"59424, 59823",IND Airport Solar Farm Phase 2 (INDY II + III),9/30/2015,IN,39.69,-86.32,4.05,13.20,10.00
59273,SEPV Palmdale East Solar,10/27/2015,CA,34.61,-117.94,5.89,11.50,9.98
60196,Santa Fe Solar Energy Center,12/31/2015,NM,35.56,-106.09,5.52,11.60,9.50
58877,PSEG Kinsley Landfill Solar,1/1/2015,NJ,39.79,-75.11,4.08,11.18,8.60
59001,PSEG Parkland Landfill Solar,1/1/2015,NJ,40.13,-74.71,3.97,10.14,7.80
60035,"Tequesquite Landfill Solar PV Project (RPU Project, SSC 31)",10/30/2015,CA,33.97,-117.41,5.45,9.40,7.50
59440,NextEra Adelanto Solar Phase 2,7/3/2015,CA,34.55,-117.37,5.92,8.55,7.00
60734,Bordentown Solar,12/30/2015,NJ,40.04,-74.78,4.01,8.50,6.80
59611,Lakeland Bluebird Facility (Sutton or Bella Vista),8/1/2015,FL,28.07,-82.02,4.97,7.69,6.00
59556,Dalton phase 3 (Dalton 2 in EIA) (Looper Bridge Solar Facility in Ventyx),5/13/2015,GA,34.71,-84.92,4.37,7.10,5.50
59204,"OCI Alamo 3 Solar (Walzem Solar, Texas 3)",1/1/2015,TX,29.48,-98.30,4.77,6.75,5.50
60239,Pastime Farm,12/26/2015,IN,39.52,-87.18,4.05,6.93,5.20
60238,McDonald Solar Farm,12/26/2015,IN,39.60,-87.47,4.07,7.14,5.20
58646,Stateline Solar (1-7) (Desert Stateline),7/31/2016,CA,35.58,-115.44,5.72,340.40,299.50
58462,McCoy Solar Energy Project (1-8) Phase I,6/30/2016,CA,33.69,-114.75,5.80,339.30,270.60
57859,Moapa Southern Paiute (Moapa Solar Project),12/31/2016,NV,36.53,-114.77,5.71,353.00,250.00
58644,Silver State South Solar Project 1-8,6/30/2016,NV,35.62,-115.34,5.51,338.70,250.00
59939,RE Tranquility Solar,9/26/2016,CA,36.58,-120.40,5.30,257.70,205.30
60233,RE Garland,11/30/2016,CA,34.83,-118.52,5.76,241.46,180.00
59994,RE Roserock,11/23/2016,TX,30.96,-103.31,5.61,212.10,157.50
59840,Springbok Solar Farm 2 (Fremont Solar),9/30/2016,CA,35.25,-117.97,5.86,191.00,155.00
60308,Mesquite Solar 3,12/31/2016,AZ,33.34,-112.95,5.87,210.00,154.00
57491,(Tenaska) Imperial Solar Energy Center West (Csolar IV West),4/30/2016,CA,32.77,-115.78,5.79,182.29,148.70
59897,Taylor County Solar (Sandhills Solar Facility),10/31/2016,GA,32.58,-84.30,4.59,180.00,146.00
60092,NextEra Blythe Solar II (125),10/30/2016,CA,33.68,-114.73,5.80,161.50,131.20
59656,Comanche Solar,9/30/2016,CO,38.21,-104.57,5.13,156.00,120.00
60093,NextEra Blythe Solar I (110),3/7/2016,CA,33.68,-114.74,5.80,154.00,109.80
59207,OCI Alamo 7 Solar,8/30/2016,TX,33.01,-99.60,5.11,132.00,106.40
59532,Springbok Solar Farm 1,7/30/2016,CA,35.25,-117.96,5.86,136.80,105.00
59896,Butler Solar Project 103,12/31/2016,GA,32.56,-84.28,4.59,141.50,103.00
58975,Henrietta Solar Project,10/31/2016,CA,36.22,-119.81,5.32,127.90,102.00
60064,White Pine Solar,7/1/2016,GA,32.50,-84.26,4.59,148.50,101.20
60307,Mesquite Solar 2,12/31/2016,AZ,33.33,-112.92,5.87,136.50,100.80
59976,RE Astoria 1,12/31/2016,CA,34.84,-118.45,5.78,130.80,100.00
60352,Boulder Solar Project 1,12/31/2016,NV,35.84,-114.97,5.48,124.90,100.00
59852,North Star Solar Project,10/20/2016,MN,45.49,-92.90,3.77,138.00,100.00
59150,RE Mustang Solar,8/23/2016,CA,36.23,-119.91,5.36,134.40,100.00
59814,Copper Mountain Solar 4,9/30/2016,NV,35.79,-114.98,5.66,125.20,93.60
60185,Solverde 1 Solar Facility,12/20/2016,CA,34.66,-118.30,5.74,106.30,85.00
59941,Iron Springs Solar (Three Cedars),8/15/2016,UT,37.73,-113.16,5.23,101.06,80.02
59387,Escalante Solar I (Four Brothers),10/31/2016,UT,38.52,-113.04,5.16,105.10,80.02
59388,Escalante Solar II (Four Brothers),10/31/2016,UT,38.50,-113.03,5.23,105.10,80.02
59389,Escalante Solar III (Four Brothers),10/31/2016,UT,38.50,-112.99,5.22,105.30,80.02
59386,Enterprise Solar Plant (Four Brothers),9/12/2016,UT,37.64,-113.61,5.40,105.10,80.00
59946,Granite Mountain Solar East (Three Cedars),9/1/2016,UT,37.77,-113.23,5.25,101.30,80.00
60127,"Amazon Solar Farm US East 1 (EIA: Eastern Shore Solar, Ventyx: Oak Hall Solar, Dominion: Solar Alliance with AWS, Amazon: Amazon Solar Farm US East 1)",10/31/2016,VA,37.95,-75.57,4.30,105.40,80.00
60068,Grand View Solar Two,12/31/2016,ID,43.02,-116.01,4.69,108.00,80.00
60432,Three Peaks Power Plant,12/31/2016,UT,37.83,-113.13,5.25,107.75,80.00
59671,Hope Mills Solar (Innovative Solar 46),12/20/2016,NC,34.92,-78.93,4.51,100.05,78.50
60082,White Oak Solar,7/1/2016,GA,33.04,-82.11,4.67,112.60,76.50
59977,RE Astoria 2,12/31/2016,CA,34.84,-118.48,5.78,94.90,75.00
60058,River Bend Solar (AL),9/30/2016,AL,34.84,-87.84,4.40,100.20,75.00
59589,Rutherford Farm,12/31/2016,NC,35.26,-81.83,4.52,92.00,74.80
59993,FPL Babcock Ranch Solar Energy Center,12/31/2016,FL,26.86,-81.74,5.05,123.00,74.50
60061,FPL Citrus Solar Energy Center,12/31/2016,FL,27.32,-81.80,5.04,123.00,74.50
60014,FPL Manatee Solar Energy Center,12/31/2016,FL,27.62,-82.35,5.01,123.00,74.50
60406,Roswell Solar,10/7/2016,NM,33.46,-104.46,5.58,95.60,70.00
60405,Chaves County Solar I,10/7/2016,NM,33.45,-104.44,5.58,95.60,70.00
60389,RE Barren Ridge 1 / RE Cinco Solar Project (Apollo Solar Project?),8/30/2016,CA,35.20,-118.07,5.85,78.00,62.00
60611,Summit Farms Solar (Phase 1),12/1/2016,NC,36.47,-76.15,4.40,84.20,60.00
59523,Five Points Solar Park,8/30/2016,CA,36.39,-120.24,5.36,84.00,60.00
59316,Beacon Solar 3 ( Hecate Energy Beacon 3 Photovoltaic Project),12/9/2016,CA,35.25,-118.01,5.85,62.95,56.00
60590,"TID Solar Generating Station (Golden Fields Solar I , Rosamond West Solar Project II)",12/31/2016,CA,34.84,-118.39,5.78,67.40,54.00
60591,"Stanford Solar Generating Station (Solar Star California  XLI  ,Rosamond West Solar Project I)",12/31/2016,CA,34.83,-118.40,5.78,67.40,54.00
60554,SR Hazlehurst Solar II,12/31/2016,GA,31.82,-82.60,4.72,71.30,52.50
60063,Live Oak Solar,12/31/2016,GA,32.42,-82.10,4.70,,51.00
59945,Granite Mountain Solar West (Three Cedars),9/1/2016,UT,37.79,-113.28,5.25,62.50,50.40
59317,Beacon Solar 4 ( Hecate Energy Beacon 4 Photovoltaic Project),12/9/2016,CA,35.25,-118.02,5.85,56.47,50.00
60186,Antelope DSR 1,12/16/2016,CA,34.66,-118.29,5.74,62.50,50.00
60449,PSEG Pavant 2,11/1/2016,UT,39.16,-112.35,5.00,62.70,50.00
60413,Apple Bonnybrooke Solar,11/30/2016,AZ,33.05,-111.34,5.80,62.64,50.00
59964,Elevation Solar C,12/21/2016,CA,34.73,-118.30,5.78,51.14,40.00
59164,Elm City Solar Facility (formerly Nan Solar Center),3/1/2016,NC,35.78,-77.85,4.45,53.62,40.00
60445,Idaho Solar 1 (Boise Solar Farm),9/23/2016,ID,43.44,-116.33,4.65,54.63,40.00
60149,Innovative Solar 43,12/31/2016,NC,34.53,-78.31,4.49,50.78,38.90
60351,"PSEG Rawhide Flats Solar Energy Center (Bison Solar, Larimer Solar)",10/31/2016,CO,40.86,-105.01,4.44,36.30,32.40
59894,Pawpaw Solar Plant,3/1/2016,GA,32.57,-84.26,4.59,42.50,30.48
60304,PSEG San Isabel Solar,12/31/2016,CO,37.37,-104.47,5.15,37.90,30.00
59865,Fort Stewart Solar Facility,10/30/2016,GA,31.90,-81.59,4.68,43.50,30.00
59863,Fort Gordon Solar Facility,10/30/2016,GA,33.39,-82.13,4.60,42.50,30.00
59864,King's Bay Solar Facility (Naval Submarine Base (SUBASE)),12/31/2016,GA,30.83,-81.56,4.77,41.50,30.00
60285,Red Horse 3,7/30/2016,AZ,32.27,-110.15,5.76,37.70,30.00
59251,Caprock Solar 1,12/31/2016,NM,34.99,-103.62,5.46,32.40,25.00
59891,Butler Solar Farm,2/1/2016,GA,32.58,-84.32,4.58,29.00,22.00
59900,Corcoran Solar 3,2/29/2016,CA,36.15,-119.59,5.29,28.00,21.19
60381,Sulphur Springs,12/31/2016,AZ,32.07,-109.92,5.76,22.97,20.50
60741,Old Midville Solar Project,11/17/2016,GA,32.82,-81.98,4.68,28.20,20.16
59963,Central Antelope Dry Ranch C (CADR C),5/31/2016,CA,34.72,-118.30,5.78,22.47,20.00
59740,SEPV Mojave West,5/31/2016,CA,35.02,-118.28,5.79,25.00,20.00
60280,Summer Solar of Lancaster (Summer Solar SCPPA),7/8/2016,CA,34.71,-118.31,5.78,25.86,20.00
60279,Antelope Big Sky Ranch Solar Facility (ABSR),8/16/2016,CA,34.69,-118.29,5.74,26.31,20.00
59962,North Lancaster Ranch,12/14/2016,CA,34.72,-118.31,5.78,22.47,20.00
59961,Western Antelope Blue Sky Ranch B (WABSRB),12/21/2016,CA,34.73,-118.31,5.78,25.86,20.00
59088,Calipatria Solar Farm,2/12/2016,CA,33.17,-115.53,5.91,26.60,20.00
60386,RE Garland A,12/14/2016,CA,34.82,-118.50,5.78,26.83,20.00
59528,NRG Solar Oasis,1/31/2016,CA,34.65,-118.08,5.85,27.80,20.00
60485,Longboat Solar,12/31/2016,CA,34.90,-117.10,5.92,26.73,20.00
60319,"Whitehouse Solar Farm (Louisa Solar Project, SFAE VA121 PV Project)",12/31/2016,VA,38.02,-77.97,4.24,26.80,20.00
59600,Nicolis Solar PV Plant (Coronal Tulare 1),9/30/2016,CA,35.82,-119.04,5.34,26.00,20.00
60078,CED Ducor 1 (SR Solis Vestal Almond),12/31/2016,CA,35.86,-119.07,5.34,26.19,20.00
60079,CED Ducor 2 (SR Solis Vestal Herder),12/31/2016,CA,35.84,-119.07,5.34,26.19,20.00
60081,CED Ducor 4 (SR Solis Vestal Fireman),12/31/2016,CA,35.85,-119.03,5.34,26.19,20.00
60039,Frontier I Solar,6/30/2016,CA,37.37,-121.15,5.21,28.02,20.00
60886,Pavant Solar 3,12/31/2016,UT,39.15,-112.36,5.00,25.80,20.00
59868,Kingbird A Solar,4/30/2016,CA,34.82,-118.44,5.78,25.50,20.00
60091,Kingbird B Solar,4/30/2016,CA,34.82,-118.44,5.78,25.50,20.00
59513,PSEG Meadows Solar Energy Center (Meadows PV1),6/1/2016,NC,35.83,-77.12,4.44,25.89,20.00
60318,Woodland Solar Farm (VA) (Isle of Wight Solar Project),12/31/2016,VA,36.89,-76.61,4.34,25.10,19.70
59250,Rio Bravo Solar Project 2,12/31/2016,CA,35.42,-119.63,5.33,25.72,19.50
59249,Rio Bravo Solar Project 1,12/31/2016,CA,35.42,-119.63,5.33,25.72,19.50
60469,Solar Glynn,12/31/2016,GA,31.27,-81.45,4.79,22.98,17.68
60316,"Scott 1 Solar Farm (Powhatan Solar, Scott Timber Solar)",12/31/2016,VA,37.52,-77.94,4.31,22.90,17.00
60555,Selmer I (Selmer North),12/1/2016,TN,35.14,-88.55,4.37,19.91,16.00
60062,Avalon Solar Phase II,5/26/2016,AZ,32.04,-110.96,5.78,21.51,16.00
61552,Fort Detrick Solar,2/10/2016,MD,39.44,-77.45,4.06,18.60,15.70
60702,Rincon Solar I,12/31/2016,GA,32.29,-81.28,4.68,21.25,15.70
59570,Mocksville Solar Facility,12/31/2016,NC,35.83,-80.57,4.46,20.00,15.40
60787,Williamston Speight Solar,11/30/2016,NC,35.89,-77.16,4.44,20.90,15.00
60080,CED Ducor 3 (SR Solis Crown),12/31/2016,CA,35.85,-119.06,5.34,19.64,15.00
60391,"NRG Spencer Community Solar Project (Solterra Monastery, Sja Solar, St Joseph Abbey Community Solar)",12/31/2016,MA,42.29,-72.01,3.81,20.10,14.68
59747,River Mountains Solar,1/31/2016,NV,36.03,-114.93,5.65,18.67,14.40
59599,Tropico Solar (Coronal Tulare 2),9/30/2016,CA,35.83,-119.05,5.34,18.20,14.00
60735,"Longview Solar (Hebron Solar, LS Worcester Solar)",2/28/2016,MD,38.40,-75.67,4.21,17.82,13.60
60023,SR Jenkins Fort Lupton (United Power),6/30/2016,CO,40.08,-104.75,4.81,18.10,13.00
60764,Victory Solar,12/31/2016,CO,39.79,-104.44,4.85,16.04,12.83
61342,"Barrett PV (BWC Barrett Street, BWC French River+BWC Stillwater River)",11/30/2016,MA,42.16,-71.87,3.84,16.44,11.93
60226,Rancho SECO Solar Project,7/3/2016,CA,38.34,-121.12,5.06,12.50,10.88
64072,Camp Ripley Solar,1/31/2017,MN,46.09,-94.34,3.76,13.10,10.80
62903,NorthPark Solar,2/28/2016,NJ,40.26,-74.44,3.99,12.30,10.60
58627,"Western Antelope Dry Ranch Solar (WADR, Lancaster Choice Energy)",12/16/2016,CA,34.69,-118.32,5.62,12.75,10.00
60993,Darlington Solar,12/31/2016,SC,34.32,-79.92,4.60,14.03,10.00
60604,Wye Mills Solar (Wye Mills VNEM),9/1/2016,MD,38.94,-76.05,4.19,13.69,10.00
60511,Clear Spring Ranch PV Project,10/21/2016,CO,38.60,-104.69,5.00,13.90,10.00
1355,E W Brown Solar Facility,4/22/2016,KY,37.78,-84.72,4.13,14.27,10.00
60332,Open Range Solar Center,9/30/2016,OR,43.80,-117.06,4.55,13.10,10.00
60335,Vale Air Solar Center,11/30/2016,OR,43.97,-117.26,4.58,13.09,10.00
60334,Thunderegg Solar Center,11/30/2016,OR,43.93,-116.99,4.60,13.09,10.00
"59819, 63554",Mohave Electric At Fort Mohave AZ (Mohave Electric Cooperative at Joy Lane),10/30/2016,AZ,34.98,-114.56,5.70,13.81,10.00
60976,"Collier (Oregon Solar Land Holding, OSLH)",12/31/2016,OR,44.06,-121.23,4.51,13.77,9.90
60548,NorWest Energy 2 (NEFF),12/31/2016,OR,44.07,-121.23,4.51,13.90,9.90
60869,"Pearblossom Solar Project (Solar Star California, XLIV)",12/31/2016,CA,34.51,-117.92,5.86,11.90,9.50
59276,Leavenworth Greenworks (Shoreham),6/30/2016,NY,40.94,-72.89,3.94,14.25,9.50
,Lumberton Solar,4/30/2016,NJ,39.94,-74.84,4.03,,9.46
60331,Hyline Solar Center,10/1/2016,OR,44.15,-117.00,4.52,11.70,9.00
58951,Delilah Road Landfill (KDC Solar RTC LLC or Seashore Solar),10/1/2016,NJ,39.42,-74.55,4.12,10.66,8.50
60732,Frankford Solar,3/30/2016,NJ,41.17,-74.70,3.86,9.84,8.16
60556,Selmer II (Selmer North),12/1/2016,TN,35.17,-88.64,4.37,9.96,8.00
60616,"PSEG Lake County Solar Energy Center (Black Cap Solar II, BC Solar )",11/30/2016,OR,42.17,-120.36,4.73,10.45,8.00
60990,Florence Solar,12/31/2016,NJ,40.10,-74.79,4.01,9.93,7.92
60805,Beaver Run Solar Farm,2/26/2016,NJ,41.15,-74.64,3.88,10.00,7.85
60375,PSEG ILR Landfill Solar,12/31/2016,NJ,40.52,-74.43,3.96,7.75,7.70
60729,Raritan Solar,4/30/2016,NJ,40.46,-74.86,3.97,10.00,7.50
60728,Howell Solar,3/31/2016,NJ,40.14,-74.17,4.02,8.86,7.00
60535,Saluda I Solar,12/31/2016,SC,33.97,-81.78,4.60,10.00,6.80
60367,Snow Camp Solar,3/1/2016,NC,35.86,-79.43,4.44,8.40,6.66
60283,SR Mavericks,12/31/2016,CO,40.23,-105.03,4.53,8.50,6.50
"58655, 58656",Waihonu North+South Solar (Honbushin Solar Blessings Park),7/30/2016,HI,21.47,-158.01,5.07,8.13,6.50
60762,Pfizer Peapack Solar,10/30/2016,NJ,40.71,-74.67,3.94,7.96,6.20
60737,Church Hill Solar Farm,5/1/2016,MD,39.11,-75.96,4.17,7.36,6.00
60330,Grove Solar Center,9/30/2016,OR,43.94,-117.38,4.56,7.85,6.00
60266,Cedar Branch Solar Project (Buena Vista),10/1/2016,NJ,39.50,-74.96,4.10,7.15,5.90
60864,Kokomo Solar Park (Kokomo Solar 1),12/29/2016,IN,40.47,-86.15,3.95,7.15,5.40
60410,Sullivan Solar,9/1/2016,IN,39.13,-87.41,4.11,7.00,5.20
60071,Perry Solar Facility,9/15/2016,FL,30.12,-83.56,4.78,6.75,5.10
59854,Olive Solar Power Project,9/1/2016,IN,41.71,-86.49,3.83,6.47,5.01
60187,Antelope DSR 2,11/21/2016,CA,34.69,-118.31,5.62,6.25,5.00
60581,CED Upton County Solar 1,12/30/2017,TX,31.26,-102.27,5.55,213.00,157.50
60033,California Flats Solar 1,11/30/2017,CA,35.87,-120.31,5.44,173.00,130.00
60436,East Pecos Solar,4/5/2017,TX,31.00,-102.28,5.49,142.80,120.00
59206,OCI Alamo 6 Solar,3/28/2017,TX,30.99,-102.27,5.52,140.30,110.20
61422,Amazon Solar Farm US East 6 (Southampton Solar ),11/30/2017,VA,36.60,-77.17,4.39,140.80,103.60
60372,Lamesa Solar Facility,4/28/2017,TX,32.72,-101.92,5.43,130.50,102.00
60261,Playa Solar 2 (Switch Station 2),8/30/2017,NV,36.41,-114.91,5.69,136.90,100.00
60583,"AL Solar (LaFayette Solar Farm, Alabama Solar A)",12/30/2017,AL,32.87,-85.39,4.57,110.90,79.20
59827,Playa Solar 1 (Switch Station 1),10/30/2017,NV,36.40,-114.90,5.69,99.00,79.00
59665,Innovative Solar 37 (IS 37),5/30/2017,NC,34.83,-79.95,4.52,110.10,78.70
60658,"Moffett Solar Project (Solvay Solar Energy Facility, Jasper Solar 1)",12/30/2017,SC,32.64,-81.00,4.66,93.40,71.40
60539,Innovative Solar 42,9/30/2017,NC,34.84,-78.88,4.51,91.63,71.00
60380,Shoe Creek Solar,12/30/2017,NC,34.84,-79.38,4.50,91.59,64.48
59875,Marshall Solar Project,1/9/2017,MN,44.47,-95.66,3.91,93.16,62.25
60383,Monroe Solar Facility (Rocky River Solar),3/1/2017,NC,34.93,-80.63,4.54,74.90,60.00
61813,Ranchland Solar (Summit Farms Solar Phase 2),12/30/2017,NC,36.47,-76.16,4.40,84.50,60.00
59315,Beacon Solar 1 (Hecate Energy Beacon 1 Photovoltaic Project),4/30/2017,CA,35.27,-118.01,5.85,63.90,56.00
61048,Gala Solar Power Plant (Solar Star Oregon II),10/27/2017,OR,44.18,-120.92,4.48,71.00,56.00
60303,Sumrall II Solar Farm (MS Solar 3),12/30/2017,MS,31.40,-89.50,4.63,74.00,52.00
60306,Sumrall I Solar Farm (MS Solar 2),6/30/2017,MS,31.41,-89.50,4.63,74.00,52.00
60552,Hattiesburg Solar Farm,10/28/2017,MS,31.27,-89.30,4.64,67.50,50.60
60989,Solaire Holman 1,4/23/2017,TX,30.46,-103.48,5.63,65.00,50.00
60682,Pearl Solar,10/30/2017,TX,31.01,-102.26,5.49,66.13,50.00
61561,Bladen Solar,12/30/2017,NC,34.82,-78.62,4.49,75.00,50.00
61512,Bullock Solar,12/30/2017,NC,36.48,-78.32,4.40,75.00,50.00
59691,"Gulf Coast Solar Center 3 (NAS Pensicola, NOLF Saufley Field)",8/23/2017,FL,30.47,-87.34,4.72,68.70,50.00
61084,Luning Solar Energy Center,2/27/2017,NV,38.55,-118.19,5.38,65.92,50.00
60885,Boulder Solar Project 2,1/31/2017,NV,35.84,-114.95,5.48,62.00,50.00
59309,Beacon Solar 2,12/30/2017,CA,35.27,-118.00,5.86,59.60,45.00
60043,Cuyama Solar,11/1/2017,CA,34.90,-119.60,5.56,56.10,40.00
59690,"Gulf Coast Solar Center 2 (NAS Whiting Field, NOLF Holley)",8/23/2017,FL,30.43,-86.89,4.83,53.70,40.00
60467,Red Rock (AZ),2/28/2017,AZ,32.55,-111.28,5.81,57.60,40.00
59308,Beacon Solar 5,12/30/2017,CA,35.25,-118.03,5.85,48.20,36.00
60540,Innovative Solar 31 (NC-31),1/1/2017,NC,34.54,-78.75,4.54,43.20,35.00
59666,Innovative Solar 47 (NC-47),4/28/2017,NC,34.80,-79.33,4.50,47.60,35.00
60237,Midway Solar Farm II,5/30/2017,CA,33.17,-115.54,5.91,40.00,30.00
59689,Gulf Coast Solar Center 1 (Eglin AFB),8/23/2017,FL,30.52,-86.53,4.73,42.20,30.00
60346,Lapeer Solar Project I (Demille Array),5/1/2017,MI,43.04,-83.33,3.72,34.57,28.56
60258,Alta Luna,3/16/2017,NM,32.57,-107.46,5.82,33.77,28.10
61172,EE Waianae Solar Project (Waianae Solar),1/25/2017,HI,21.46,-158.19,5.29,40.39,27.60
61268a,Kayenta Solar 1,5/30/2017,AZ,36.79,-110.24,5.48,37.60,27.30
60558,NRG Solar Blythe II (Cisco),4/20/2017,CA,33.62,-114.70,5.84,27.65,21.04
61463,Vandenberg Solar Project (Vandenberg AFB),12/30/2017,CA,34.75,-120.51,5.05,28.00,20.60
61490,Estill Solar I,12/30/2017,SC,32.77,-81.25,4.67,27.99,20.40
60637,PSEG Cork Oak Solar,12/30/2017,NC,36.37,-77.57,4.41,26.20,20.25
59695,Mountain Home Solar (Mt Home Solar I),3/31/2017,ID,43.15,-115.72,4.73,26.68,20.00
60481,Bayshore Solar A,12/30/2017,CA,34.67,-118.30,5.74,25.00,20.00
60474,Bayshore Solar B,12/30/2017,CA,34.68,-118.30,5.62,25.00,20.00
60475,Bayshore Solar C,12/30/2017,CA,34.68,-118.31,5.62,25.00,20.00
60582,"Tallahassee Airport 1 (CoTAL, City of Tallahassee Solar Farm, Tallahassee Solar 1)",12/30/2017,FL,30.38,-84.36,4.77,28.00,20.00
60981,Westside Solar Energy Center (Nextera Westside PV),4/30/2017,CA,36.38,-120.13,5.36,27.50,20.00
60975,Whitney Point Solar Energy Center,4/15/2017,CA,36.38,-120.13,5.36,27.50,20.00
60622,Bowling Green Solar,1/19/2017,OH,41.40,-83.58,3.84,28.70,20.00
59522,Giffen Solar Park,6/30/2017,CA,36.55,-120.34,5.32,28.00,20.00
61489,Cameron I Solar,12/30/2017,SC,33.58,-80.71,4.63,27.99,20.00
61498,Hampton Solar 2,12/30/2017,SC,32.88,-81.14,4.66,28.09,20.00
59685,Remington Solar Facility,10/26/2017,VA,38.55,-77.78,4.18,27.70,20.00
60916,Amazon Solar Farm US East 4 (Sappony Solar),12/10/2017,VA,36.94,-77.42,4.35,28.29,20.00
61375,Hecate Energy Cherrydale,11/1/2017,VA,37.37,-75.91,4.36,25.48,20.00
60915,Amazon Solar Farm US East 3 (Correctional Solar),12/30/2017,VA,37.47,-76.84,4.29,22.96,20.00
60968,Amazon Solar Farm US East 5 (Scott 2),12/31/2017,VA,37.53,-77.94,4.31,28.30,20.00
60310,Portal Ridge Solar B,2/28/2017,CA,34.72,-118.28,5.81,25.00,20.00
61406,Essex Solar Center,12/30/2017,VA,37.83,-76.80,4.26,26.70,20.00
59915,CED Oro Loma (SR Solis Oro Loma Solar),2/1/2017,CA,36.88,-120.67,5.25,27.68,20.00
10437,Sunray 2 (previously SEGS II),6/2/2017,CA,34.86,-116.83,5.85,26.90,20.00
60748,Simco Solar (Simcoe Solar),3/31/2017,ID,43.33,-115.94,4.68,26.78,20.00
60012,American Falls Solar II,3/31/2017,ID,42.83,-112.74,4.49,26.68,20.00
60011,American Falls Solar I,3/31/2017,ID,42.83,-112.74,4.49,26.68,20.00
60009,Murphy Flat Power,3/30/2017,ID,43.21,-116.44,4.61,26.68,20.00
60010,Orchard Ranch Solar,3/31/2017,ID,43.47,-116.29,4.65,26.78,20.00
60964,Apache Solar 1,9/27/2017,AZ,32.07,-109.89,5.64,24.66,20.00
60947,Jacumba Solar Farm,7/25/2017,CA,32.62,-116.13,5.86,28.00,20.00
60490,Redwood 4 Solar Farm,12/30/2017,CA,35.31,-118.81,5.37,26.00,20.00
60001,Vaughn Creek PV1 (Fresh Air Energy XXV),12/30/2017,NC,36.45,-77.12,4.40,26.00,19.90
60917,Amazon Solar Farm US East 2 (Buckingham Solar),11/30/2017,VA,37.50,-78.37,4.30,22.66,19.80
60347,Lapeer Solar Project II (Turill Array),10/9/2017,MI,43.03,-83.31,3.72,22.96,19.57
58792,Ayrshire,9/30/2017,NC,35.28,-81.61,4.54,27.10,19.40
645,Big Bend Solar (FL),2/20/2017,FL,27.79,-82.39,5.02,23.00,19.00
60584,NAS Oceana Solar,12/30/2017,VA,36.79,-76.05,4.32,21.00,17.60
60435,NSA Crane Solar Project,2/27/2017,IN,38.82,-86.88,4.10,24.30,17.00
60638,PSEG Sunflower Solar,12/30/2017,NC,36.40,-77.59,4.41,20.90,16.20
60337,Providence Solar Center,10/1/2017,TN,35.58,-89.05,4.38,20.00,16.00
61462,SR Platteville Solar Farm (Platte Solar Farm),12/31/2017,CO,40.18,-104.69,4.81,21.80,16.00
59516,American Legion PV 1 (Fresh Air Energy XIX),12/30/2017,NC,36.42,-77.66,4.42,20.00,15.84
60077,CED Avenal,1/31/2017,CA,36.00,-120.15,5.35,21.34,15.80
60774,Fort Phantom,4/27/2017,TX,31.11,-97.85,4.83,19.60,15.40
62775,Wildberry,7/30/2017,TN,35.06,-89.37,4.41,20.00,15.00
59253,Wildwood Solar II,1/31/2017,CA,35.63,-119.57,5.38,20.61,14.70
62636,"Valley Electric Association Community Solar Project (Pahrump Community Solar Project, NVSS-II)",2/28/2017,NV,36.27,-115.97,5.71,17.53,14.00
10438,Sunray 3 (previously SEGS I),6/29/2017,CA,34.87,-116.83,5.85,17.20,13.80
60000,Turkey Creek PV1,2/1/2017,NC,36.44,-77.14,4.40,16.80,13.50
61864,Dix Solar (McGuire-Dix-Lakehurst Base),6/1/2017,NJ,39.98,-74.62,4.02,16.50,13.00
60546,KIUC Solar City Project (Kapaia PV+storage),3/13/2017,HI,22.00,-159.38,5.07,17.00,13.00
60311,Portal Ridge Solar C,2/28/2017,CA,34.71,-118.27,5.81,13.75,11.40
61522,Champion Solar (Phase 3),12/30/2017,SC,33.79,-81.26,4.56,15.22,10.88
61521,Swamp Fox Solar (Phase 2),12/30/2017,SC,33.79,-81.26,4.56,15.22,10.88
58319,"Cyrq Patua Solar Project (Patua Geothermal Project Phase 1A, Patua Acquisition Project)",7/30/2017,NV,39.58,-119.07,5.24,14.20,10.64
60679,Fort Rucker Solar,4/20/2017,AL,31.33,-85.73,4.70,13.00,10.60
61013,Marin Clean Energy Solar One (Richmond Solar Project),12/30/2017,CA,37.95,-122.38,4.89,13.00,10.50
61529,Estill Solar II,12/30/2017,SC,32.73,-81.25,4.67,14.80,10.20
60293,St Matthews Solar,8/1/2017,SC,33.69,-80.76,4.61,14.79,10.20
61748,Southern Current One,12/30/2017,SC,32.95,-81.22,4.66,14.20,10.20
60519,Aurora Albany Solar,6/30/2017,MN,45.64,-94.60,3.76,15.24,10.00
60530,Aurora Paynesville Solar,6/30/2017,MN,45.39,-94.72,3.81,15.24,10.00
60532,Aurora Waseca Solar,6/30/2017,MN,44.09,-93.53,3.84,15.92,10.00
61901,Redstone Arsenal,12/1/2017,AL,34.61,-86.62,4.38,12.50,10.00
61556,Facebook 1 Solar Energy Center (Los Lunas 1),12/30/2017,NM,34.83,-106.78,5.64,12.50,10.00
61201,OR Solar 3 (Turkey Hill),12/30/2017,OR,42.02,-121.42,4.76,13.20,10.00
61430,OR Solar 6 (Lakeview),12/30/2017,OR,42.21,-120.37,4.71,13.70,10.00
61279,Wilson Solar Farm 6,5/30/2017,NC,35.70,-77.88,4.46,12.70,10.00
61278,Wilson Solar Farm 5,5/30/2017,NC,35.70,-77.88,4.46,12.10,10.00
61280,Wilson Solar Farm 7,4/28/2017,NC,35.76,-78.01,4.47,12.30,10.00
61277,Wilson Solar Farm 4,4/28/2017,NC,35.71,-77.93,4.45,12.10,10.00
61276,Wilson Solar Farm 3,4/28/2017,NC,35.78,-78.99,4.44,11.70,10.00
61292,Jackson Solar Farm (Wilson),3/1/2017,NC,35.75,-77.86,4.45,11.90,10.00
60659,Ridgeland Solar Farm I,6/30/2017,SC,32.47,-80.96,4.68,12.20,10.00
61374,Double Tollgate Solar Project (Clarke County Solar),7/1/2017,VA,39.07,-78.14,4.09,12.60,10.00
61532,Leon Solar,12/30/2017,TX,33.16,-96.24,4.63,14.20,10.00
61524,Whitewright Solar,12/30/2017,TX,33.50,-96.37,4.64,14.28,10.00
60242,"SKIC 2 (South Kern Industrial Center, Algonquin SKIC 10 Solar, Bakersfield 2)",1/31/2017,CA,35.12,-119.24,5.36,11.98,10.00
61580,Tumbleweed Solar (Ventyx: Jeans Solar Park),12/30/2017,OR,44.19,-121.23,4.47,14.00,9.90
61560,Eagle Point Solar,12/30/2017,OR,42.40,-122.83,4.54,13.06,9.90
63180,"TPE Whitney Solar, LLC (United Community Solar Plant)",12/31/2017,TX,32.07,-97.53,4.81,14.30,9.90
64078,Pittsfield Solar LLC,12/31/2017,ME,44.81,-69.45,3.65,13.90,9.90
59737,Aspiration G,9/30/2017,CA,36.55,-120.34,5.32,11.70,9.00
61487,PSEG West Babylon Solar Center (SL Babylon),12/30/2017,NY,40.73,-73.38,4.02,10.62,9.00
61519,Baker Point (Frederick Road Solar),11/16/2017,MD,39.57,-77.36,4.03,10.89,9.00
61073,Pemberton Road I (McGuire-Dix-Lakehurst Base),6/30/2017,NJ,39.98,-74.70,4.02,9.99,8.80
61074,Pemberton Road II (McGuire-Dix-Lakehurst Base),6/30/2017,NJ,39.98,-74.70,4.03,9.99,8.80
60788,Suwannee Solar Energy Facility,12/12/2017,FL,30.38,-83.17,4.74,14.20,8.80
60534,Aurora West Waconia Solar,6/30/2017,MN,44.79,-93.90,3.83,12.25,8.50
60863,Cooperative Solar One,11/1/2017,KY,38.03,-84.25,4.10,10.70,8.50
60755,Spartan,3/28/2017,NJ,40.04,-74.61,4.02,10.00,8.30
61523,Haley Solar,12/30/2017,SC,33.02,-81.29,4.66,11.39,8.16
61324,Odyssey Solar (Phase 1),8/31/2017,SC,33.79,-81.27,4.56,11.84,8.16
61054,IMPA Anderson 2 Solar Project,12/30/2017,IN,40.14,-85.69,3.96,10.20,8.10
61559,Woodline Solar,12/30/2017,OR,42.24,-121.58,4.73,11.16,8.00
60673,Nixa Solar Farm,11/14/2017,MO,37.04,-93.34,4.33,11.09,7.92
60527,Aurora Lake Pulaski Solar,6/30/2017,MN,45.20,-93.81,3.80,10.92,7.50
60680,ANAD Solar Array (Army) (Anniston),7/31/2017,AL,33.63,-85.94,4.46,9.70,7.40
61680,MMPA Tatanka Wi Solar (Buffalo Solar Project),12/30/2017,MN,45.21,-93.88,3.80,8.69,7.11
61388,"AEP Jacksonville Solar Project (Northwest Jacksonville Solar Partners, Nwjax)",5/30/2017,FL,30.52,-81.68,4.74,7.50,7.10
61006,SCDA Solar 1 (Sacramento Airport PV) has North and East site,12/6/2017,CA,38.69,-121.59,5.04,7.91,6.80
61325,Hampton Solar I,8/31/2017,SC,32.88,-81.13,4.66,9.91,6.80
60523,Aurora Dodge Center Solar,6/30/2017,MN,44.03,-92.88,3.81,9.90,6.50
60522,Aurora Chisago Solar,3/31/2017,MN,45.45,-92.90,3.77,9.60,6.50
60621,Worcester Landfill,8/17/2017,MA,42.22,-71.79,3.83,8.10,6.50
60520,Aurora Annandale Solar,6/30/2017,MN,45.25,-94.11,3.79,9.12,6.00
61510,"Monroe County Sites C, D, & E",12/30/2017,NY,43.32,-77.74,3.70,8.40,6.00
61755,East Acres Solar NG,4/1/2017,MA,42.49,-73.24,3.69,6.80,5.80
61884,Kearney NPPD Solar Project,12/11/2017,NE,40.72,-99.04,4.41,7.25,5.76
60524,Aurora Eastwood Solar,6/30/2017,MN,44.15,-93.92,3.81,8.23,5.50
60533,Aurora West Faribault Solar,6/30/2017,MN,44.27,-93.31,3.82,7.89,5.50
61327,Barnwell Solar,12/30/2017,SC,33.24,-81.35,4.64,7.65,5.44
61409,Highway 56 Solar (not the West Moore Sherman project coming in 2018),12/30/2017,TX,33.61,-96.69,4.67,7.20,5.30
59213,Clipperton Holdings,11/30/2017,NC,34.97,-78.35,4.48,7.00,5.28
61513,Marlin Solar,12/30/2017,TX,31.29,-96.88,4.71,7.22,5.28
61117,Bakersfield PV 1,12/30/2017,CA,35.32,-118.98,5.39,7.03,5.25
61514,North Gainesville Solar,12/30/2017,TX,33.66,-97.15,4.74,6.82,5.17
61614,Cyril,5/30/2017,OK,34.90,-98.23,4.80,6.40,5.00
60253,IMPA Anderson 1 Solar Project,1/23/2017,IN,40.05,-85.73,3.96,6.20,5.00
61410,Whitesboro Solar,12/30/2017,TX,33.62,-96.87,4.69,7.14,5.00
61411,Whitesboro Solar II,12/30/2017,TX,33.62,-96.87,4.69,7.14,5.00
58659,Aloha Solar Energy Fund 1 PK1,3/31/2017,HI,21.41,-158.15,5.29,6.20,5.00
60906,Mt. Tom Solar Project Hybrid,1/31/2017,MA,42.27,-72.60,3.79,5.76,5.00
61202,Mount Signal Solar Farm 3 (MS3),11/30/2018,CA,32.68,-115.57,5.85,328.90,252.30
59940,Great Valley Solar 1-4 (Tranquility 8),4/30/2018,CA,36.58,-120.39,5.32,281.00,200.00
61368,"Midway Solar - TX (McCamey, Waymark Solar)",12/31/2018,TX,31.00,-102.22,5.52,236.00,182.00
60123,Castle Gap Solar (Upton 2 Solar Power Plant),5/31/2018,TX,31.26,-102.27,5.55,234.00,180.00
60044,Buckthorn Solar 1 (Riggins Solar),5/31/2018,TX,31.08,-102.85,5.61,202.00,154.00
57340,CED Panoche Valley Solar Project,1/31/2018,CA,36.63,-120.89,5.35,188.00,140.00
61264,Antelope Expansion 2,12/31/2018,CA,34.75,-118.32,5.78,130.00,105.00
61750,CED Wistaria Ranch Solar,12/31/2018,CA,32.67,-115.62,5.66,141.00,100.00
61262,Stuttgart Solar Energy Center,1/31/2018,AR,34.44,-91.44,4.52,81.00,81.00
61369,Sweetwater Solar (Green River Project),12/31/2018,WY,41.63,-109.68,4.70,97.94,80.00
62340,Aulander Holloman Solar,12/31/2018,NC,36.25,-77.07,4.38,125.00,80.00
59851,Great Bay Solar 1 (Great Bay Energy Center),3/31/2018,MD,38.17,-75.69,4.28,99.00,75.00
61807,Hamilton Solar Power Plant,12/31/2018,FL,30.45,-83.19,4.74,110.80,74.90
60030,Pecan Solar (Bethel Church Road Solar Power Plant),12/31/2018,NC,36.49,-77.48,4.40,111.26,74.90
60825,ColGreen North Shore Solar Farm,12/31/2018,CA,33.55,-115.98,5.86,96.75,74.80
61610,NC 102 Project (Mc Bride Place Energy NC),9/30/2018,NC,35.29,-80.50,4.51,102.00,74.80
61052,FPL Loggerhead Solar Energy Center,3/31/2018,FL,27.22,-80.54,4.94,113.24,74.50
61051,FPL Barefoot Bay Solar Energy Center,3/31/2018,FL,27.87,-80.53,4.94,113.24,74.50
61024,FPL Hammock Solar Energy Center,3/31/2018,FL,26.69,-81.32,5.05,113.24,74.50
61029,FPL Blue Cypress Solar Energy Center,3/31/2018,FL,27.60,-80.53,4.92,113.24,74.50
61020,FPL Indian River Solar Energy Center,1/31/2018,FL,27.57,-80.57,4.92,113.24,74.50
61050,FPL Wildflower Solar Energy Center,1/31/2018,FL,27.31,-81.78,5.05,113.24,74.50
61021,FPL Horizon Solar Energy Center,1/31/2018,FL,29.67,-82.06,4.80,113.24,74.50
61022,FPL Coral Farms Solar Energy Center,1/31/2018,FL,29.76,-81.90,4.77,113.24,74.50
61654,Balm Solar,9/30/2018,FL,27.77,-82.24,5.01,87.90,74.40
61665,Payne Creek Solar,9/30/2018,FL,27.66,-81.96,4.99,84.90,70.30
60560,Millington Solar Farm (NSA Mid-South Solar),12/31/2018,TN,35.35,-89.85,4.44,68.00,53.00
61693,Buckleberry Solar,11/30/2018,NC,35.38,-77.41,4.43,75.03,52.10
61988,"Citrus Ridge Solar (Disney, FL Solar 5)",12/31/2018,FL,28.40,-81.62,4.91,62.75,52.00
60623,Brantley Farm Solar,10/31/2018,NC,35.89,-78.15,4.46,71.40,50.20
60624,Fox Creek Solar Farm,11/30/2018,NC,36.13,-78.28,4.43,65.50,50.20
60336,Midway Solar Farm I  (83WI 8ME),1/31/2018,CA,33.17,-115.55,5.91,66.00,50.00
61811,"Titan Solar (NER Deer Trail Titan Solar Energy Center, NOT Hunter Solar)",12/31/2018,CO,39.69,-104.01,4.90,67.60,50.00
59669,Innovative Solar 54,12/31/2018,NC,35.21,-77.71,4.44,73.66,50.00
61697,Project Ivory Solar (Lamesa Solar B/II),11/30/2018,TX,32.71,-101.89,5.41,66.00,50.00
61272,Gray Hawk Solar,6/30/2018,AZ,35.35,-113.91,5.70,64.50,46.00
61976,Peony Solar,12/31/2018,SC,33.50,-81.25,4.61,57.00,39.00
59678,Innovative Solar 67,12/31/2018,NC,34.62,-78.01,4.47,48.65,33.30
59876,Marine Corps Logistics Base Solar (MCLB Albany),2/28/2018,GA,31.56,-84.09,4.74,44.00,31.16
60789,Bluebell Solar I (Capricorn Ridge Solar),11/30/2018,TX,31.87,-100.83,5.28,45.40,30.00
60045,Shoreham Solar Commons (Tallgrass Solar),7/30/2018,NY,40.94,-72.89,3.94,32.00,24.90
61445,RE Gaskell West 1,3/31/2018,CA,34.83,-118.56,5.76,28.00,20.00
61678,Pinal Central Solar Energy Center,4/30/2018,AZ,32.88,-111.55,5.77,30.90,20.00
60315,"Midway Solar Farm III (Greenbacker, 97WI)",9/30/2018,CA,33.16,-115.54,5.91,26.00,20.00
61809,"Stillwater Solar PV II- Geothermal, CSP (Wynn Solar Facility)",6/30/2018,NV,39.54,-118.56,5.27,27.10,20.00
61736,Woods Hill Solar,12/31/2018,CT,41.83,-71.92,3.84,24.58,20.00
58876,Fusion Solar Center,3/31/2018,CT,41.64,-72.05,3.87,31.80,20.00
61068,AES Lawai Solar and Energy Storage Project,12/31/2018,HI,21.91,-159.49,4.79,28.19,20.00
64093,Montross Solar Facility,12/31/2018,VA,38.07,-76.79,4.24,28.00,20.00
61959,Coolidge Solar 1 (Coolidge Solar Ranger),12/31/2018,VT,43.42,-72.67,3.72,25.57,19.59
61933,Adams Nielson Solar,11/30/2018,WA,46.96,-118.62,4.22,28.00,19.20
60678,"San Joaquin Solar (Summer Wheat Solar Farm, SJ1A)",10/31/2018,CA,36.53,-120.15,5.30,23.43,18.50
61023,UVA Hollyfield Solar Project,9/30/2018,VA,37.67,-77.17,4.28,21.10,17.00
61924,Cumberland Solar Project,12/31/2018,AL,34.95,-86.87,4.38,20.00,15.90
61955,"Delta Solar Power II (DSP-II A+B, Delta Solar Power Project)",7/30/2018,MI,42.71,-84.70,3.79,19.40,15.90
62140,UVA Puller Solar Facility,10/31/2018,VA,37.57,-76.47,4.30,19.70,15.00
61412,Latitude Solar Center,12/31/2018,TN,35.31,-89.17,4.39,20.00,15.00
60681,Annapolis Solar Park (Landfill),8/31/2018,MD,38.99,-76.57,4.15,18.00,12.00
61530,Gaston Solar I,3/31/2018,SC,33.77,-81.11,4.59,14.80,10.20
61759,Covington Solar Farm,2/28/2018,OK,36.32,-97.58,4.68,13.20,10.00
61557,Facebook 2 Solar Energy Center (Los Lunas 2),2/28/2018,NM,35.08,-106.87,5.63,12.50,10.00
61558,Facebook 3 Solar Energy Center (Los Lunas 3),4/30/2018,NM,35.08,-106.86,5.63,12.50,10.00
61424,OR Solar 8 (Dairy Solar Facility),3/31/2018,OR,42.24,-121.59,4.73,14.00,10.00
61345,Wy'East Solar,8/31/2018,OR,45.59,-120.60,4.38,12.50,10.00
61599,New Road Solar,6/30/2018,NJ,40.40,-74.57,3.99,13.00,10.00
61496,Adams Solar Center,7/30/2018,OR,44.67,-121.12,4.43,13.00,10.00
61497,Elbe Solar Center,8/31/2018,OR,44.62,-121.21,4.40,13.00,10.00
61281,Bear Creek Solar Center,9/30/2018,OR,44.06,-121.24,4.51,13.00,10.00
61871,Sterling Solar (TX),11/30/2018,TX,33.17,-96.17,4.63,14.26,10.00
61874,Eddy Solar II,11/30/2018,TX,31.29,-97.26,4.74,14.26,10.00
61868,Bronson Solar,12/31/2018,TX,29.54,-95.97,4.65,14.26,10.00
61867,Bovine Solar (Green Mountain Energy Gable Solar Park),12/31/2018,TX,29.63,-96.08,4.64,14.26,10.00
61810,Chisum Solar,12/31/2018,TX,33.63,-95.39,4.56,14.26,10.00
62713,DSM Nutritional Products Solar,12/31/2018,NJ,40.84,-75.07,3.90,14.00,10.00
61631,Chiloquin Solar Park,1/31/2018,OR,42.61,-121.86,4.72,14.00,9.90
61600,Old Bridge Solar Farm,8/31/2018,NJ,40.44,-74.24,3.95,10.69,8.80
61965,Quakertown Solar Project (Quakertown Farms),10/31/2018,NJ,40.52,-74.94,3.96,10.00,8.80
61601,Raritan Solar Project,5/31/2018,NJ,40.45,-74.86,3.97,9.99,8.40
61588,"Independence II Solar Farm (IPL2, Bundschu) ",6/30/2018,MO,39.12,-94.29,4.24,10.87,8.40
61954,"Delta Solar Power I (DSP-I, Delta Solar Power Project)",6/30/2018,MI,42.71,-84.70,3.79,9.90,8.10
61433,SCE&G Nimitz Community Solar,6/30/2018,SC,32.50,-80.96,4.68,10.62,8.00
62272,Bly Solar Center,12/31/2018,OR,42.38,-121.02,4.68,11.10,8.00
61423,OR Solar 5 (Merrill Solar Facility),1/31/2018,OR,42.18,-121.69,4.77,10.30,8.00
62406,City of Gallup Solar,5/31/2018,NM,35.52,-108.77,5.43,9.80,8.00
64102,GE 19th Hole,1/31/2018,NY,42.99,-74.31,3.74,10.40,7.70
61907,Springfield Solar Project (near McGuir-Dix-Lakehurst Base),10/31/2018,NJ,40.03,-74.65,4.02,9.20,7.50
61729,IMPA Richmond 2 Solar Project,12/31/2018,IN,39.84,-84.82,3.97,9.75,7.50
61961,Gaston Solar II,12/31/2018,SC,33.78,-81.11,4.59,10.47,7.48
61879,Bartow Solar Energy,3/31/2018,FL,27.93,-81.78,4.97,9.30,7.26
62062,Athens MN CONX (Ventyx: Connexus Energy (Athens)),12/31/2018,MN,45.46,-93.27,3.80,8.84,6.63
61434,SCE&G Springfield Community Solar,6/30/2018,SC,33.49,-81.30,4.61,7.78,6.10
61849,Kentuck Solar Project,3/31/2018,VA,36.66,-79.30,4.34,8.00,6.00
62241,NorWest Energy 9 (Pendleton),9/30/2018,OR,45.68,-118.85,4.18,8.40,6.00
62304,Woodleaf Solar Facility,12/31/2018,NC,35.73,-80.61,4.48,9.40,6.00
60301,Holloman Atlas Solar Array,10/31/2018,NM,32.92,-106.07,5.72,6.50,5.00
63214,Middleton Solar Park,6/30/2018,MA,42.58,-71.00,3.80,6.00,5.00
61906,Phoebe Solar,11/30/2019,TX,31.84,-102.87,5.57,315.00,250.00
61930,Techren Solar II,10/31/2019,NV,35.87,-114.96,5.48,249.90,200.00
59525,Wright Solar Park,12/31/2019,CA,37.01,-120.96,5.22,237.30,200.00
59879,North Rosamond Solar,6/30/2019,CA,34.85,-118.38,5.78,182.50,150.00
60034,California Flats Solar 2 (CA Flats Solar 150),2/28/2019,CA,35.87,-120.32,5.44,201.00,150.00
62584,Quitman Solar,12/31/2019,GA,30.85,-83.64,4.78,225.00,150.00
61985,Colonial Trail West,12/31/2019,VA,37.15,-76.90,4.33,210.90,142.40
62375,Dougherty County Solar,12/31/2019,GA,31.51,-84.04,4.74,174.00,120.00
62288,Valentine Solar,11/30/2019,CA,34.90,-118.38,5.82,132.00,111.20
62367,SR Arlington II (Bancroft Station Solar Farm),11/30/2019,GA,31.42,-84.83,4.74,139.70,102.50
62448,Lapetus 2 (second phase),12/31/2019,TX,32.46,-102.68,5.48,135.30,100.70
62004,San Pablo Raceway,8/31/2019,CA,34.72,-118.28,5.81,132.00,100.00
60324,Willow Springs Solar,1/31/2019,CA,34.83,-118.33,5.78,125.70,100.00
61611,Techren Solar I,3/31/2019,NV,35.85,-114.97,5.48,132.00,100.00
62415,West of the Pecos Solar,12/31/2019,TX,31.84,-102.86,5.57,130.65,100.00
59826,Sunshine Valley Solar,12/31/2019,NV,36.52,-116.51,5.69,126.00,100.00
60491,Springbok 3 Solar Farm,7/30/2019,CA,35.27,-118.00,5.85,121.00,90.00
62544,Wilkinson Solar,12/31/2019,NC,35.59,-76.76,4.41,95.90,80.60
63076,Gutenberg Solar,10/31/2019,NC,36.45,-77.54,4.40,119.00,79.90
62679,Palmetto Plains Solar Project,7/30/2019,SC,33.35,-80.70,4.64,106.00,74.90
62543,Trenton Solar Power Plant,12/31/2019,FL,29.64,-82.84,4.82,104.90,74.90
61790,Shaw Creek Solar,10/31/2019,SC,33.68,-81.75,4.58,108.60,74.90
61768,FPL Interstate Solar Energy Center,1/31/2019,FL,27.49,-80.44,4.93,113.24,74.50
61767,FPL Pioneer Trail Solar Energy Center,1/31/2019,FL,29.01,-81.10,4.81,113.24,74.50
61766,FPL Miami Dade Solar Energy Center,1/31/2019,FL,25.64,-80.49,4.98,113.24,74.50
61763,FPL Sunshine Gateway Solar Energy Center,1/31/2019,FL,30.28,-82.78,4.78,113.24,74.50
61663,Lithia Solar,1/31/2019,FL,27.75,-82.16,5.01,87.20,74.50
61701,Seabrook Solar,12/31/2019,SC,32.56,-80.73,4.71,93.00,72.50
62678,Crooked Run,12/31/2019,NC,34.68,-77.98,4.50,105.61,70.10
61656,Grange Hall Solar,1/31/2019,FL,27.68,-82.21,5.00,71.40,61.10
62399,Sage Solar I-III,10/31/2019,UT,41.77,-111.06,4.51,76.30,57.60
61666,Peace Creek Solar,3/31/2019,FL,27.91,-81.81,5.00,64.80,55.00
62163,Meridian III,12/31/2019,MS,32.45,-88.55,4.62,75.00,52.50
63579,Britton Solar Energy Center,12/31/2019,NM,35.02,-106.10,5.44,67.70,50.00
61657,Lake Hancock Solar,4/30/2019,FL,27.93,-81.86,5.00,58.00,49.60
60125,Kawailoa Solar,9/19/2019,HI,21.62,-158.05,5.33,49.00,48.75
62560,Airport Solar,12/31/2019,OR,42.17,-120.41,4.72,60.70,47.30
60024,Waipio Solar (Waiwa PV),9/30/2019,HI,21.46,-157.98,5.13,45.90,45.90
62541,Lake Placid Solar Power Plant,12/31/2019,FL,27.33,-81.37,5.07,63.00,45.00
63187,Tallahassee Solar 2 (FL Solar 4),12/31/2019,FL,30.38,-84.36,4.77,55.00,42.00
62057,SR Hazlehurst III,12/31/2019,GA,31.83,-82.60,4.72,55.30,40.00
62376,Grazing Yak Solar,11/30/2019,CO,38.98,-104.25,4.99,47.25,39.50
61655,Bonnie Mine Solar,1/31/2019,FL,27.88,-81.92,5.01,41.70,37.50
62052,Citizens Imperial Solar,8/31/2019,CA,33.19,-115.43,5.89,39.46,30.00
61268b,Kayenta Solar 2,8/31/2019,AZ,36.79,-110.24,5.48,38.80,28.00
62657,DWW Solar ll (aka Tobacco Valley Solar),12/31/2019,CT,41.90,-72.80,3.81,48.60,26.40
63668,"University Solar, LLC",12/31/2019,RI,41.62,-71.66,3.89,28.40,24.00
61778,North Halifax,12/31/2019,NC,36.21,-77.62,4.42,26.90,20.00
61973,Blackville Solar II,5/31/2019,SC,33.34,-81.26,4.63,29.58,20.00
59524,Blackwell Solar Park,1/31/2019,CA,35.62,-119.85,5.37,27.05,20.00
62017,Riverhead Solar Farm,6/30/2019,NY,40.92,-72.76,3.93,22.90,20.00
61265,Antelope DSR 3,9/30/2019,CA,34.74,-118.30,5.78,25.00,20.00
61987,West Loch Solar One,11/30/2019,HI,21.34,-158.01,5.60,28.00,20.00
59951,Five Forks Solar,12/31/2019,NC,36.52,-78.03,4.39,25.90,20.00
59878,Windhub Solar A,12/31/2019,CA,35.02,-118.29,5.79,25.00,20.00
63031,Gloucester Solar,4/30/2019,VA,37.44,-76.47,4.31,27.80,19.90
62413,Ellis Solar (North+South),12/31/2019,NY,42.45,-76.43,3.69,27.00,18.00
60510,Two Mile Desert Project aka Hertford Solar,6/30/2019,NC,36.22,-76.47,4.44,21.04,16.20
64108,Gold Meadow Farms,5/31/2019,RI,41.73,-71.53,3.85,21.30,16.20
62389,Pasto Solar,9/30/2019,NY,42.21,-76.52,3.73,23.87,16.00
58281,Lanikuhana Solar (Mililani II),9/30/2019,HI,21.43,-158.02,5.07,14.70,14.70
62989,Whitetail Solar 1 (Roxbury Solar),12/31/2019,PA,40.14,-77.61,3.90,18.23,13.50
62792,DG AMP Solar Piqua Manier,7/30/2019,OH,40.13,-84.26,3.93,13.20,12.63
62467,Vista Solar Energy Center,3/31/2019,NM,34.74,-106.66,5.62,12.80,10.00
62597,Rio De Oro Solar Energy Center,6/30/2019,NM,34.69,-106.69,5.66,12.66,10.00
63027,Mars Solar,8/31/2019,TX,27.42,-98.83,5.03,14.20,10.00
61875,Cascade Solar (TX),4/30/2019,TX,29.21,-96.03,4.64,14.29,10.00
61840,Hope Farm Solar,9/30/2019,RI,41.75,-71.52,3.85,12.60,10.00
63081,San Miguel I Solar Energy Center,9/30/2019,NM,35.63,-105.18,5.28,12.64,10.00
62980,Turquoise Liberty Solar (Turquoise 1),11/30/2019,NV,39.58,-119.52,5.23,12.72,10.00
63184,Rio Rancho Solar Energy Center,12/31/2019,NM,35.10,-106.48,5.56,12.67,10.00
60997,Everett PV1,12/31/2019,NC,35.82,-77.31,4.44,13.00,10.00
63301,"Garrett Solar (PSEG Lake County Solar Energy Center, FKA Lakeview Airport 10 Solar)",12/31/2019,OR,42.17,-120.41,4.72,13.32,10.00
61996,Rankin Solar Center,12/31/2019,SC,34.24,-79.65,4.56,13.40,10.00
63082,San Miguel II Solar Energy Center,10/30/2019,NM,35.63,-105.18,5.28,12.64,10.00
63505,Cherry Blossom Solar,12/31/2019,SC,33.76,-79.46,4.61,14.40,10.00
63344,Starvation (aka Starvation Ridge?),12/31/2019,OR,43.50,-119.15,4.58,15.30,9.90
64227,Alexis Solar (GMP Azure Solar Park),12/31/2019,TX,26.89,-98.23,4.93,14.00,9.50
59910,KDC Solar PR1 (Six Flags Adventure Solar),6/30/2019,NJ,40.13,-74.42,4.03,12.50,8.80
61974,Diamond Solar II,6/30/2019,SC,33.79,-81.27,4.56,10.82,8.20
63869,IBM Solar,7/30/2019,CO,40.09,-105.19,4.50,9.70,8.10
62484,Crawfordsville 2 Solar Park,12/31/2019,IN,40.05,-86.89,3.98,10.37,7.90
61794,Gateway Solar,5/31/2019,MD,38.38,-75.27,4.21,10.00,7.60
62655,HL Solar/Lassen,6/30/2019,CA,40.37,-120.26,5.04,9.31,7.60
62638,McCullough Road Solar Farm,6/30/2019,NJ,40.76,-74.96,3.92,10.00,7.60
62637,Milford Solar Farm (NJ),9/30/2019,NJ,40.62,-75.16,3.93,8.90,7.50
61872,Lampwick,11/30/2019,TX,30.87,-99.54,5.07,10.90,7.50
60785,Tungsten Mountain,7/30/2019,NV,39.67,-117.68,4.86,9.70,7.30
62770,Richmond Solar Park 3 (aka Richmond 3 Solar Array),12/31/2019,IN,39.84,-84.83,3.97,8.70,6.70
62942,DG AMP Wadsworth 1048,12/31/2019,OH,41.01,-81.77,3.81,8.60,6.30
62931,City of Pratt Solar (Pratt Solar Farm),3/31/2019,KS,37.65,-98.70,4.74,7.67,6.00
62582,Newfield Community Solar,1/31/2019,NY,42.39,-76.60,3.71,7.50,6.00
64519,Centinela State Prison,12/31/2019,CA,32.83,-115.77,5.68,8.20,6.00
64521,Calipatria State Prison,12/31/2019,CA,33.17,-115.50,5.89,8.20,6.00
62268,NorWest Energy 4 aka Bonanza ,1/31/2019,OR,42.21,-121.35,4.78,6.80,5.60
62306,IFF Union Beach Solar Project,6/30/2019,NJ,40.45,-74.15,3.92,6.80,5.50
62305,Tipton Solar Park,7/30/2019,IN,40.28,-86.07,3.95,6.30,5.30
62652,Happy Hollow CSG Hybrid,11/15/2019,MA,42.61,-72.04,3.79,7.13,5.00
62327,Synergen Panorama CSG aka Panorama Solar Electric Facility,7/30/2019,MD,38.77,-76.97,4.17,6.60,5.00
62683,Westside Wastewater Treatment Plant Hybrid,8/31/2019,AR,36.04,-94.14,4.41,5.80,5.00
62682,Noland Wastewater Treatment Plant Hybrid,8/31/2019,AR,36.08,-94.07,4.40,5.80,5.00
62082,Southwick Solar PV,1/31/2019,MA,42.02,-72.78,3.81,6.60,5.00
62953,Griffin Solar,11/30/2019,TX,31.47,-97.14,4.74,7.20,5.00
63186,Imeson Solar (SunPort Solar),12/31/2019,FL,30.46,-81.71,4.74,9.00,5.00
62610,Commerce Solar,12/31/2019,TX,29.44,-98.62,4.75,5.90,5.00
62382,GMP Solar/Storage-Ferrisburgh Hybrid,9/30/2019,VT,44.23,-73.25,3.65,6.32,5.00
62381,GMP Solar/Storage-Milton Hybrid,9/30/2019,VT,44.66,-73.18,3.63,7.00,5.00
63000,RT 52 Walden Solar 1 Hybrid,12/31/2019,NY,41.58,-74.21,3.89,5.94,5.00
62561,Roadrunner (Queen Solar),8/31/2020,TX,31.22,-102.19,5.50,497.00,410.00
62755,Prospero Solar,6/30/2020,TX,32.31,-102.87,5.46,378.90,303.60
62249,Misae Solar (Phase 1),1/31/2020,TX,34.37,-100.11,5.08,326.90,240.00
62845,ENGIE Long Draw Solar,12/31/2020,TX,32.74,-101.62,5.36,287.00,225.00
61962,Holstein 1 Solar Farm,6/30/2020,TX,32.10,-100.17,5.12,280.00,204.40
61696,Twiggs County Solar (GA Solar 4),9/30/2020,GA,32.60,-83.50,4.68,261.00,204.00
62141,Rambler,6/30/2020,TX,31.53,-100.62,5.20,266.00,200.00
63222,Impact Solar 1,12/31/2020,TX,33.47,-95.37,4.58,260.00,198.50
63859,Golden Field Solar III (Rosamond Central),12/31/2020,CA,34.84,-118.38,5.78,240.00,192.00
61785,Camilla Solar Energy Project (Southern Oak Solar Energy Center?),2/28/2020,GA,31.28,-84.22,4.78,224.00,171.40
62014,Highlander Solar Station 1 (part of Pleinmont facility),12/31/2020,VA,38.25,-77.76,4.23,200.10,165.00
60827,Sun Streams 1,1/31/2020,AZ,33.35,-112.83,5.85,199.20,158.00
61353,Mount Signal Solar Farm II (MS2),1/31/2020,CA,32.67,-115.63,5.66,199.60,153.50
63519,CED Crane Solar (Fowler Ranch),6/30/2020,TX,31.26,-102.32,5.51,212.59,152.50
62933,Oberon IA,7/30/2020,TX,31.71,-102.69,5.55,193.00,150.00
63105,Two Creeks Solar,11/30/2020,WI,44.25,-87.54,3.80,213.00,150.00
62015,Mustang Two,11/30/2020,CA,36.21,-119.89,5.32,210.00,150.00
60095,NextEra Blythe Solar IV,11/30/2020,CA,33.66,-114.74,5.80,154.00,137.40
60094,NextEra Blythe Solar III,5/31/2020,CA,33.66,-114.74,5.80,154.00,137.40
60777,American Kings Solar,12/31/2020,CA,36.24,-119.90,5.32,172.30,128.00
62178,Maverick Solar (Palen 1 Solar),12/31/2020,CA,33.70,-115.22,5.88,173.40,125.00
62470,Cove Mountain Solar 2,10/31/2020,UT,37.64,-113.64,5.40,156.30,122.00
63273,Wagyu Solar,8/31/2020,TX,29.24,-95.66,4.64,162.40,120.00
63351,Bluebell Solar II,12/31/2020,TX,31.89,-100.84,5.28,150.00,115.00
63295,Chicot Solar,9/30/2020,AR,33.48,-91.36,4.58,140.00,100.00
62798,Fern Solar (Moccasin Creek Solar),12/31/2020,NC,36.01,-77.68,4.44,133.60,100.00
64104,Maverick Solar 4 (Palen Solar),12/31/2020,CA,33.70,-115.22,5.88,135.90,100.00
62899,East Line Solar,12/31/2020,AZ,32.85,-111.57,5.77,121.40,100.00
62812,Milford Solar 1,11/30/2020,UT,38.49,-113.02,5.23,127.80,99.00
61986,Spring Grove I,11/30/2020,VA,37.17,-76.92,4.33,135.50,97.90
62165,SR Snipesville I,12/31/2020,GA,31.71,-82.74,4.74,122.80,86.00
62813,Grasshopper Solar (aka Chase City Solar),9/30/2020,VA,36.82,-78.45,4.36,103.80,80.00
63745,Greensville Solar,12/31/2020,VA,36.64,-77.57,4.37,104.00,80.00
62177,"Desert Harvest, LLC",12/31/2020,CA,33.80,-115.39,5.86,114.00,80.00
64169,Albemarle Beach Solar,12/31/2020,NC,35.91,-76.64,4.37,150.60,80.00
63271,Huntley Solar,4/30/2020,SC,33.34,-80.63,4.65,100.00,75.00
62012,Pleinmont Solar 1 (part of Pleinmont facility),10/31/2020,VA,38.25,-77.75,4.23,99.60,75.00
63810,"Centerfield Cooper Solar, LLC",12/31/2020,SC,34.70,-80.13,4.54,97.60,75.00
63932,Titan Solar 1 (CA),12/31/2020,CA,33.10,-116.00,5.92,98.00,75.00
62828,TWE Bowman Solar Project,5/31/2020,SC,33.32,-80.68,4.65,101.90,74.97
61011,Chestnut Solar,3/31/2020,NC,36.18,-77.71,4.43,100.00,74.90
61982,Columbia Solar Power Plant,3/31/2020,FL,29.89,-82.69,4.78,105.60,74.90
62634,FPL Babcock Preserve Solar Energy Center (not FPL Babcock Ranch),1/31/2020,FL,26.86,-81.73,5.05,114.70,74.50
62633,FPL Twin Lakes Solar Energy Center,1/31/2020,FL,29.61,-81.84,4.78,96.50,74.50
62645,FPL Northern Preserve Solar Energy Center,1/31/2020,FL,30.23,-82.25,4.75,98.40,74.50
62394,FPL Sweetbay Solar Energy Center,1/31/2020,FL,27.06,-80.48,4.95,99.00,74.50
62632,FPL Cattle Ranch Solar Energy Center,1/31/2020,FL,27.33,-81.77,5.05,94.60,74.50
62631,FPL Blue Heron Solar Energy Center,1/31/2020,FL,26.70,-81.14,5.06,114.70,74.50
62750,Little Manatee River Solar,2/28/2020,FL,27.68,-82.41,5.08,87.90,74.50
61667,Wimauma Solar,4/30/2020,FL,27.73,-82.27,5.01,87.90,74.50
62490,FPL Echo River Solar,4/30/2020,FL,30.30,-82.87,4.76,108.03,74.50
62491,FPL Okeechobee Solar Energy Center,4/30/2020,FL,27.62,-80.79,4.96,111.75,74.50
62493,FPL Southfork Solar Energy Center,4/30/2020,FL,27.57,-82.19,5.00,108.03,74.50
62206,FPL Hibiscus Solar Energy Center,4/30/2020,FL,26.76,-80.34,4.95,108.03,74.50
62542,DeBary Solar Power Plant,5/31/2020,FL,28.90,-81.33,4.86,102.50,74.50
63582,Harmony Solar,6/30/2020,FL,28.16,-81.10,4.91,115.50,74.50
63754,Gulf Power Blue Indigo Solar Energy Center,4/30/2020,FL,30.88,-85.40,4.74,108.00,74.50
63583,Taylor Creek Solar,6/30/2020,FL,28.51,-81.04,4.87,115.50,74.50
62925,FPL Egret Solar Center,12/31/2020,FL,30.29,-82.19,4.76,93.80,74.50
62923,FPL Union Springs Solar Center,12/31/2020,FL,30.00,-82.30,4.77,93.80,74.50
62922,FPL Lakeside Solar Center,12/31/2020,FL,27.22,-80.74,5.05,108.00,74.50
62916,FPL Trailside Solar Center,12/31/2020,FL,29.77,-81.43,4.80,93.80,74.50
62914,FPL Nassau Solar Center,12/31/2020,FL,30.53,-81.89,4.75,93.80,74.50
62058,SR Terrell,9/30/2020,GA,31.87,-84.36,4.72,105.00,74.00
63839,Midlands Solar,7/30/2020,SC,33.65,-80.95,4.59,101.60,72.10
63548,Lily Solar (SC),2/28/2020,SC,33.09,-81.43,4.65,103.00,70.00
64103,Desert Harvest II,12/31/2020,CA,33.80,-115.37,5.86,100.00,70.00
62495,Palmer Solar,4/30/2020,CO,38.63,-104.66,5.00,81.50,60.00
62774,Kellam Solar,12/31/2020,TX,32.48,-95.71,4.64,81.00,59.80
62773,Rippey Solar,12/31/2020,TX,33.55,-97.18,4.75,81.00,59.80
62469,Cove Mountain Solar,11/30/2020,UT,37.63,-113.63,5.40,74.20,58.00
63350,Tanglewood Solar (OE_GA3),6/30/2020,GA,31.19,-84.14,4.77,77.00,57.50
63860,Encino Solar Energy Center,7/30/2020,NM,35.36,-106.86,5.55,66.70,55.00
63906,Turquoise Nevada (Turquoise 2),12/31/2020,NV,39.59,-119.52,5.23,61.16,54.60
59531,Borden Solar Farm (Lotus Solar Farm),6/30/2020,CA,36.94,-119.96,5.21,67.00,50.00
61646,LA3 West Baton Rouge Solar Facility,9/30/2020,LA,30.47,-91.32,4.65,74.50,50.00
62465,Little Bear Solar 5,12/31/2020,CA,36.71,-120.40,5.27,68.90,50.00
62440,Techren Solar V,12/31/2020,NV,35.90,-114.93,5.48,65.40,50.00
62422,Assembly Solar I,12/31/2020,MI,43.06,-83.94,3.78,72.00,50.00
62464,Little Bear Solar 4,12/31/2020,CA,36.71,-120.41,5.28,65.30,50.00
62377,Moody Air Force Base Solar,6/30/2020,GA,30.95,-83.22,4.76,66.20,49.50
63667,Sanford Solar,11/30/2020,ME,43.39,-70.71,3.83,70.80,49.40
59870,Little Bear Solar 1,12/31/2020,CA,36.72,-120.41,5.28,53.60,40.00
63349,"Salome Solar (OE_AZ1, AZ Solar 1)",1/31/2020,AZ,33.77,-113.65,5.81,42.00,32.50
63084,Caden Energix Hickory LLC (Hickory Solar Farm),8/31/2020,VA,36.63,-76.19,4.36,40.30,32.00
62932,Oberon IB,7/30/2020,TX,31.69,-102.69,5.54,37.30,30.00
63545,"Chevron - Lost Hills (Solar Star Lost Hills, Cahn Solar Plant)",4/30/2020,CA,35.61,-119.70,5.35,34.00,30.00
61932,Techren Solar IV,10/31/2020,NV,35.90,-114.93,5.48,32.70,25.00
61931,Techren Solar III,10/31/2020,NV,35.85,-114.97,5.48,32.70,25.00
64158,Mechanicsville Solar (Hanover),9/30/2020,VA,37.67,-77.20,4.28,35.00,25.00
62669,Gaston Solar Power Plant,12/31/2020,NC,35.32,-81.34,4.52,36.30,25.00
64211,Baxley (Appling Solar Farm),12/31/2020,GA,31.88,-82.33,4.73,37.00,25.00
62594,Ruff Solar (Ruff Solar Sol Systems),7/30/2020,NC,35.29,-81.78,4.53,31.80,22.00
62993,Johnson Corner Solar 1,4/30/2020,KS,37.55,-101.79,5.05,27.50,20.00
63786,Ben Moreell Solar Farm,1/31/2020,NJ,40.28,-74.10,4.01,28.50,20.00
62991,Whitetail Solar 3 (aka St Thomas Township Solar),8/31/2020,PA,39.88,-77.77,3.97,27.00,20.00
62990,Whitetail Solar 2 (aka St. Thomas Township Solar Facility II),9/30/2020,PA,39.90,-77.82,3.95,27.00,20.00
63814,SR Odom,11/30/2020,GA,31.07,-83.60,4.78,30.00,20.00
62463,Little Bear Solar 3,12/31/2020,CA,36.72,-120.40,5.28,27.50,20.00
62011,Richmond Spider Solar (part of Pleinmont facility),12/31/2020,VA,38.26,-77.77,4.23,24.20,20.00
63322,Temperance Solar,12/31/2020,MI,41.75,-83.52,3.85,29.60,20.00
63321,Bingham Solar,12/31/2020,MI,43.01,-84.53,3.79,29.40,20.00
64307,New Orleans Solar Station,8/30/2020,LA,30.02,-89.92,4.65,27.00,20.00
63087,Caden Energix Rives Road Solar,5/31/2020,VA,37.17,-77.34,4.33,20.90,19.70
63592,Nutmeg Solar,12/31/2020,CT,41.97,-72.51,3.84,31.60,19.60
59518,Grandy PV 1,2/28/2020,NC,36.23,-75.88,4.42,25.00,18.00
63388,Oxy Renewable Energy - Goldsmith,5/31/2020,TX,32.00,-102.63,5.53,19.50,16.80
60998,Underwood PV2,10/31/2020,NC,36.41,-77.05,4.39,20.00,16.00
59996,Boykin PV1,12/31/2020,NC,35.11,-78.75,4.51,20.00,16.00
63083,Caden Energix Pamplin,7/30/2020,VA,37.33,-78.77,4.31,19.80,15.70
61854,Baker City Solar (aka Sutton Creek),2/28/2020,OR,44.70,-117.76,4.32,19.00,15.00
63746,Myrtle Solar,6/30/2020,VA,36.79,-76.67,4.35,20.80,15.00
64097,Electric City Solar,12/31/2020,MI,41.77,-85.42,3.83,18.90,15.00
63768,Elk Hill Solar 2 (aka Upton),12/31/2020,PA,39.80,-77.81,3.99,17.50,15.00
63280,"AES Kekaha Solar (PMRF Solar, Barking Sands)",3/31/2020,HI,21.99,-159.76,5.74,19.30,14.00
63077,Twittys Creek Solar,12/31/2020,VA,37.02,-78.58,4.34,17.40,13.80
62988,Wildflower Solar 1,12/31/2020,CA,38.70,-121.48,5.04,16.50,13.70
63451,Monroe Solar Farm (Hoffman Station Road Solar),7/30/2020,NJ,40.31,-74.42,3.97,14.90,13.00
63965,Danville Farm,11/30/2020,VA,36.59,-79.30,4.36,15.90,12.00
62346,Trask East Solar,12/31/2020,SC,32.47,-80.75,4.73,17.00,12.00
63893,GD Hopkinton Main I,11/30/2020,RI,41.44,-71.78,3.92,13.10,10.60
64079,Catan Solar,12/31/2020,TX,28.87,-97.70,4.76,13.50,10.00
63331,Firwood Solar,2/28/2020,OR,45.38,-122.23,3.48,15.20,10.00
63330,Duus Solar (Pollinator Solar) ,2/28/2020,OR,45.32,-122.33,3.54,15.20,10.00
63926,Fort Rock IV (Obsidian Solar Energy Center),6/30/2020,OR,43.40,-120.95,4.62,15.10,10.00
63796,West Hines Solar I,6/30/2020,OR,43.50,-119.15,4.58,15.34,10.00
63795,Alkali Solar,6/30/2020,OR,43.32,-121.00,4.65,15.14,10.00
63779,Rock Garden Solar,6/30/2020,OR,43.40,-120.95,4.62,14.90,10.00
63778,Suntex Solar,7/30/2020,OR,43.55,-119.69,4.57,15.30,10.00
63925,Riley,7/30/2020,OR,43.56,-119.68,4.57,15.30,10.00
63520,PA Solar Park II,1/31/2020,PA,40.86,-75.85,3.85,11.50,10.00
61200,OR Solar 2 (Agate Bay Solar),10/31/2020,OR,42.52,-122.83,4.49,12.80,10.00
62912,Solar Hagerstown (aka Holcim Hagerstown),11/30/2020,MD,39.65,-77.68,4.03,13.22,10.00
62353,Yemassee Solar,12/31/2020,SC,32.71,-80.91,4.65,14.20,10.00
63636,Fort Rock Solar I (Obsidian Solar Energy Center),3/31/2020,OR,43.32,-121.01,4.65,14.90,9.90
62793,Crawfordsville 5 Solar Park,9/30/2020,IN,40.01,-86.86,3.98,13.24,9.80
63503,Lakehurst Solar,3/31/2020,NJ,40.02,-74.31,4.01,14.40,9.60
63566,HWY 158 PV,10/31/2020,NC,36.42,-77.07,4.39,12.00,9.00
64080,Dane County Airport Solar,12/31/2020,WI,43.16,-89.33,3.84,11.40,9.00
63149,Franklin Solar,1/31/2020,NJ,40.73,-75.06,3.92,10.00,8.80
63416,Sierra Pacific Industries (2042-RD),5/31/2020,CA,40.12,-122.19,4.95,11.03,8.40
63150,Pohatcong Solar Farm,1/31/2020,NJ,40.67,-75.16,3.93,9.99,8.00
61918,"Blackville Solar Farm, LLC",12/31/2020,SC,33.35,-81.26,4.63,10.05,7.20
62766,Scottsburg Solar Park,10/31/2020,IN,38.66,-85.79,4.12,9.75,7.10
62791,Richmond Solar Park 4,10/31/2020,IN,39.86,-84.93,3.96,9.34,7.05
63973,Cardinal Solar,12/31/2020,SC,34.20,-79.39,4.59,10.10,7.02
64525,Troupsburg,12/31/2020,NY,42.03,-77.56,3.75,8.70,7.00
63136,Hopkins Hill CSG,11/30/2020,RI,41.62,-71.57,3.89,9.60,6.68
63452,Solvay Solar (West Deptford Solar Farm),1/31/2020,NJ,39.85,-75.21,4.02,7.90,6.50
63756,Omtanke Solar,3/31/2020,SC,33.13,-80.26,4.62,8.50,6.50
62332,Blue Star (Part of Phoenix Solar Portfolio),3/31/2020,MD,39.31,-75.83,4.11,7.70,6.00
64152,SR Rattlesnake II (Rattlesnake II Solar Farm),12/31/2020,CO,40.18,-104.69,4.81,8.90,6.00
62211,Denmark Solar,12/31/2020,SC,33.35,-81.14,4.63,8.60,6.00
63341,Owlville Creek Solar,12/31/2020,NY,43.08,-75.78,3.66,6.72,5.00
63340,Owlville Creek Solar 2,12/31/2020,NY,43.08,-75.78,3.66,6.47,5.00
63499,Choctaw Nation Solar Farm,7/30/2020,OK,33.97,-96.43,4.64,6.10,5.00
63500,Chickasaw Nation Solar Farm,7/30/2020,OK,34.48,-97.11,4.67,6.10,5.00
62731,Middleton Municipal Airport Solar (Morey Field),7/30/2020,WI,43.12,-89.53,3.85,6.30,5.00
64014,28 Livermore Hill Road Solar,6/30/2020,MA,42.55,-71.95,3.80,6.37,5.00
62999,Finchville Solar Hybrid CSG,10/31/2020,NY,41.46,-74.55,3.84,6.81,5.00
64432,Breckenridge Solar,11/30/2020,MA,42.17,-72.31,3.80,5.40,5.00
